product_id,category,price_rs.
f414122f-e,Sports,36.53
fde50f9c-5,Clothing,232.79
0d96fc90-3,Sports,317.02
964fc44b-d,Toys,173.19
d70e2fc6-e,Beauty,244.8
0816ee12-5,Books,241.86
d41e0b55-c,Toys,76.91
83b7dc04-5,Sports,213.23
87c9c896-1,Sports,379.81
31308875-b,Home & Kitchen,415.36
b2b1af7b-7,Books,73.09
e221cf14-c,Beauty,393.77
8c9a5f54-b,Home & Kitchen,287.69
eeb0635d-a,Sports,26.26
38aec303-2,Clothing,305.1
69d91fbc-3,Home & Kitchen,113.71
928b4b24-d,Toys,426.75
12f03ff4-6,Home & Kitchen,52.98
729191af-4,Electronics,223.89
089c1cdd-0,Clothing,166.75
a38a732e-9,Home & Kitchen,77.22
4c021051-3,Toys,28.6
e57d04f5-d,Books,395.73
b1d2560c-7,Home & Kitchen,351.87
4dc7c4a3-8,Toys,257.14
ce353020-f,Sports,332.0
7fd8663b-b,Toys,375.59
b338a0b6-7,Beauty,235.13
df52cac6-d,Electronics,352.95
d384b62b-c,Toys,245.98
7004654f-0,Toys,389.72
5bfb14c4-f,Home & Kitchen,88.07
411c40d9-1,Beauty,40.78
d5b42863-c,Toys,105.1
b896f670-9,Home & Kitchen,224.52
6b5e4a98-0,Books,300.81
7f05dd28-6,Toys,24.17
3e56a630-e,Clothing,95.41
1dc3b1a0-4,Clothing,490.77
cc379a88-b,Electronics,188.07
1695a728-0,Home & Kitchen,319.29
c66354db-6,Toys,403.4
273c5035-2,Electronics,303.14
74b72b2f-7,Home & Kitchen,337.81
5e059f5f-7,Clothing,449.74
dd5071f5-c,Sports,272.92
db828c6d-0,Home & Kitchen,432.89
db26458e-0,Home & Kitchen,310.86
ee59d876-b,Beauty,479.19
919b53bb-2,Home & Kitchen,350.61
159dca37-7,Books,154.62
af65c4a5-5,Toys,435.6
847e77d3-d,Toys,400.31
e907e57c-b,Electronics,15.81
f8495894-2,Toys,35.25
be68a8d8-7,Electronics,414.76
e964198d-7,Toys,334.47
c834b41d-5,Home & Kitchen,178.39
c4ddee78-e,Books,237.95
59718054-8,Electronics,458.12
0a46a91c-d,Beauty,286.5
07ce9e62-a,Sports,10.78
baff7ab2-1,Beauty,342.66
2449a91f-2,Sports,225.17
273ceb78-0,Clothing,405.45
04dcad68-2,Beauty,112.45
6d1089e4-9,Books,380.81
32452d43-a,Sports,394.12
df40cf3d-6,Sports,334.77
42559644-1,Clothing,125.65
54c501ae-e,Toys,202.26
893343d5-d,Clothing,173.51
ade73cc0-5,Toys,30.8
663d067f-2,Home & Kitchen,305.93
bc84dcb8-5,Clothing,282.5
56c95db1-7,Books,274.87
4dd272cd-4,Electronics,93.08
c893a571-b,Home & Kitchen,274.11
60e53d02-0,Sports,362.61
568f353e-6,Electronics,486.62
c2d4aa98-b,Home & Kitchen,336.49
ec8c9491-b,Toys,454.39
dd1ca92d-a,Home & Kitchen,215.44
0fa064a8-d,Clothing,33.02
2ad0fe64-8,Toys,138.83
9a0a1741-8,Books,490.71
b46f5c60-7,Toys,280.66
214f0eed-f,Books,327.4
c70fab41-e,Books,309.67
fcbc5388-0,Books,292.67
2257fd97-e,Clothing,40.87
34a952b4-a,Clothing,455.19
5d9e94f3-1,Toys,312.3
4ff5749c-e,Sports,193.28
74aeba43-c,Electronics,216.18
2228c622-f,Electronics,81.41
e907f4d3-9,Beauty,496.05
a7298172-c,Sports,357.54
4118f1cc-3,Electronics,133.93
3b0a706d-2,Clothing,90.2
cd9ba20a-7,Books,431.44
ec8c3655-e,Home & Kitchen,42.98
b3525981-b,Sports,182.04
3d832b43-e,Beauty,83.58
c40efcc0-2,Clothing,92.92
268ce5a6-f,Toys,388.1
9822591f-3,Beauty,417.57
707c9b5c-c,Sports,322.93
cfe90194-b,Toys,257.21
bf258db9-2,Home & Kitchen,29.92
137695d9-6,Home & Kitchen,239.67
f477647f-5,Beauty,163.3
5b91457c-3,Books,135.62
c0712648-3,Toys,61.84
412992e4-9,Sports,496.36
40ca8015-7,Toys,107.11
bc26060a-5,Electronics,384.8
7f74df77-2,Toys,377.75
aef8a1b7-f,Home & Kitchen,285.18
dbc17060-e,Books,187.86
87d16f8f-2,Sports,440.5
4c54fc1d-0,Beauty,124.56
7f15c4cf-6,Beauty,236.7
a95d5384-7,Clothing,397.16
69ac51ab-8,Beauty,248.95
d516e842-3,Sports,123.71
d706b082-4,Electronics,62.46
459a15e9-f,Electronics,451.3
4ccbd0eb-8,Sports,320.09
7b348c44-0,Toys,51.73
ced724ce-2,Toys,388.94
4cebabca-e,Sports,85.98
6b4b6852-a,Home & Kitchen,460.89
61a3694b-7,Home & Kitchen,492.64
4843631e-4,Sports,86.95
b503bda4-8,Beauty,416.65
c6e0579d-9,Toys,155.75
b93bd2ee-b,Clothing,238.9
cf9bf8ad-9,Beauty,470.33
7ae18ecd-b,Toys,62.48
9f5d4e87-5,Home & Kitchen,317.67
0de24149-d,Beauty,33.21
b1cd2571-8,Books,118.52
6518b3f5-9,Clothing,376.63
2a0374d2-e,Beauty,428.47
119fec0d-2,Beauty,462.91
9e012e67-8,Electronics,385.98
4b06ab84-e,Clothing,311.0
68235070-2,Toys,268.49
477dbdaa-9,Toys,185.46
e83298b7-c,Electronics,267.4
968716f9-d,Home & Kitchen,203.43
5b7f1241-9,Books,171.63
69a949eb-b,Electronics,326.01
e2a4b6ca-c,Electronics,147.71
90518d68-1,Clothing,390.2
1ee7bc15-5,Home & Kitchen,406.06
7b5dd212-c,Books,268.42
eb1e3cad-b,Beauty,210.36
2838f818-c,Home & Kitchen,285.47
9d19438f-d,Toys,494.46
c45f28ae-1,Clothing,287.09
0f772bf6-b,Clothing,378.27
42cf5d2e-e,Clothing,23.54
b2969904-5,Clothing,383.58
8d276b60-e,Sports,41.61
d13b913f-9,Toys,261.57
5c2c5955-3,Electronics,251.32
bc3bb60a-5,Sports,72.43
27e9782e-5,Sports,421.0
ab7ff487-1,Books,422.02
d5c83689-d,Toys,219.83
b7af74f2-2,Electronics,242.33
4750a3de-4,Clothing,334.28
7b7268d8-6,Books,148.21
1f251a5e-3,Home & Kitchen,275.11
8e964181-6,Home & Kitchen,211.85
5a8e414b-b,Sports,497.4
65a4da6f-6,Beauty,368.74
5a55a846-e,Home & Kitchen,260.82
7ce94426-b,Beauty,394.35
f391d9be-7,Home & Kitchen,459.03
cde121ac-d,Beauty,377.99
08562850-3,Sports,269.87
4263e65c-c,Beauty,458.8
43630740-4,Home & Kitchen,414.08
c3297364-0,Clothing,496.06
4d7b33d6-4,Books,295.86
16ee2335-1,Home & Kitchen,430.43
be9ec030-d,Sports,169.71
6eaed388-2,Clothing,315.8
31de3bd2-f,Home & Kitchen,154.33
88870a57-4,Home & Kitchen,197.33
df236be6-3,Toys,270.73
0a074647-b,Home & Kitchen,261.23
88ef8a42-2,Home & Kitchen,334.87
a0e0a691-6,Beauty,266.2
8afa06d8-5,Home & Kitchen,169.53
cc75f240-f,Clothing,332.57
0cf80cb2-8,Toys,398.85
6b4cb792-5,Home & Kitchen,180.6
eabbc369-2,Books,433.59
9883b500-1,Home & Kitchen,20.74
a8f16266-b,Electronics,17.01
da23cfa7-8,Electronics,34.13
6998026b-c,Home & Kitchen,11.14
bf309230-0,Home & Kitchen,206.97
f10370ff-5,Home & Kitchen,353.08
5fe989c9-0,Sports,67.36
18a5e79d-9,Books,203.49
8d0bdad7-4,Clothing,246.98
928d77c4-3,Books,368.25
f383159c-4,Books,327.19
8d255132-b,Sports,274.65
2cbe2f6f-c,Electronics,369.15
9ea32af8-e,Clothing,84.26
65ac8845-c,Books,255.74
93a8561e-7,Sports,440.74
41fbbdbc-9,Electronics,316.84
e2cdb444-c,Beauty,199.88
bcdf7628-1,Home & Kitchen,389.85
1115a4cc-1,Sports,317.98
a1d355b7-1,Home & Kitchen,165.06
a0354415-2,Books,192.48
96ef0dc9-6,Home & Kitchen,106.34
bc8f50c4-2,Electronics,404.92
8a124bf1-f,Toys,289.62
7951f51e-0,Beauty,129.89
28cfa86a-5,Home & Kitchen,41.2
612b78d4-f,Clothing,208.08
b91ead40-7,Sports,114.84
88c4fbee-6,Toys,430.16
12e1e7b7-7,Sports,431.98
743ba069-f,Home & Kitchen,472.77
4ee2c2d6-9,Sports,473.18
1c303802-d,Books,205.06
fe1e6a78-9,Beauty,485.71
3ba8563c-f,Sports,84.28
afda448a-a,Books,189.84
916025c8-f,Sports,366.4
ece88ff7-0,Clothing,93.05
9083e49d-7,Toys,398.16
c69635d9-f,Sports,326.51
23e7a67d-1,Toys,367.98
7bbba576-7,Toys,424.14
948a3b40-d,Clothing,359.51
b6bfe4cb-f,Toys,187.2
56f9b336-5,Home & Kitchen,232.12
ce4c61d2-d,Sports,236.78
d2f40c10-8,Sports,439.4
3d8c1bc0-8,Toys,133.33
1bec4273-5,Beauty,199.31
e570765e-b,Electronics,143.68
be05d6b5-2,Home & Kitchen,313.37
06ea5adb-3,Electronics,311.05
0d1765cc-2,Beauty,71.34
23eca2e3-4,Books,354.11
00bb902e-c,Books,163.91
c1cbbee6-d,Clothing,460.83
8730a0ee-7,Beauty,49.61
9869b403-1,Clothing,325.51
7936a1cb-1,Books,394.16
a49efe9f-9,Home & Kitchen,440.11
c0b10d64-7,Books,94.52
474c66bf-3,Beauty,209.41
312bc8fc-8,Toys,413.31
f048a4a2-5,Sports,205.82
118fb0b7-5,Home & Kitchen,110.73
36d0d0c8-a,Toys,432.1
a1d11037-3,Sports,375.09
5f7c41ee-8,Electronics,69.77
148cb3f3-1,Beauty,430.96
03855207-2,Home & Kitchen,429.69
5409dd3e-8,Books,381.28
fb807119-e,Toys,72.87
a875d9c4-3,Beauty,37.67
c0b273c2-5,Books,485.0
61c34d6b-7,Home & Kitchen,214.45
e7f6b561-2,Beauty,315.89
e5e1cfb0-8,Books,211.67
108aa207-b,Toys,490.75
06a09e72-0,Toys,444.27
d0b8fdbd-c,Sports,244.61
6a7a755f-3,Books,444.87
8fb4616e-1,Books,231.08
211045d2-8,Beauty,32.39
19c38aae-f,Toys,260.74
96cc2aff-a,Electronics,446.14
1f547b94-e,Beauty,144.56
38cc3695-2,Home & Kitchen,467.35
0c216a89-c,Toys,71.02
8154e3b9-f,Sports,374.32
9a063b15-b,Books,61.82
1c38c5f3-a,Home & Kitchen,214.64
4743f61c-6,Books,220.76
f7dc5f39-8,Toys,204.56
938a985a-3,Beauty,78.43
8423ce73-6,Home & Kitchen,132.48
67788728-f,Books,334.55
f103ac45-1,Electronics,311.29
2b5c6c6d-1,Electronics,70.49
adf77823-5,Electronics,243.69
1e180b5a-5,Clothing,74.67
747539b8-3,Electronics,388.03
d037e5a2-4,Sports,28.12
5d6fed7e-c,Books,112.53
35303867-3,Books,439.81
035b2887-1,Sports,220.37
409255b0-7,Home & Kitchen,314.16
cb2df151-f,Clothing,438.97
9e7e2170-8,Clothing,166.89
952d56a9-b,Books,222.28
c5cfe88d-5,Clothing,128.89
e8999fe4-c,Beauty,65.88
30884869-f,Beauty,31.93
9c80171d-4,Home & Kitchen,18.79
d09b26d9-0,Beauty,46.99
2b55fe4e-5,Beauty,293.28
7bd70763-d,Sports,419.54
f6ac2fc8-b,Electronics,150.09
9837356f-2,Books,172.11
fa178a1a-9,Books,440.57
d0248426-8,Toys,121.31
3e909d12-3,Electronics,481.88
8783e6d7-9,Home & Kitchen,177.59
6c60ac1f-5,Electronics,443.05
ce33c092-3,Electronics,235.33
6917952b-a,Beauty,24.75
dd47ca5c-7,Electronics,470.9
dbdf1bd9-4,Books,237.27
affa909a-d,Books,151.72
b728a1fd-f,Books,27.88
9290dba4-3,Sports,26.95
35165fca-f,Sports,417.34
f9b277b8-e,Clothing,207.54
6330d18c-c,Home & Kitchen,123.41
cca83636-7,Sports,398.36
0e1a71b4-5,Sports,350.5
f75cd757-e,Books,459.93
d7756866-3,Toys,324.93
8758e2a7-5,Toys,483.48
f6668874-4,Books,286.37
99f4f73c-d,Sports,486.15
34731d18-b,Clothing,44.29
9daf59d4-d,Sports,481.53
112725bd-9,Toys,404.07
5471b17a-5,Sports,63.31
4e770614-0,Electronics,254.31
880eab94-7,Home & Kitchen,152.98
a3a6c3c3-5,Electronics,199.16
2029492d-a,Electronics,384.71
97aa2898-6,Toys,498.37
1a75428d-6,Beauty,142.53
741be484-3,Beauty,353.77
6cc0fabb-0,Toys,38.68
edc90cdd-f,Electronics,34.3
49da2a6d-0,Sports,121.05
19694848-0,Sports,117.95
966d092f-4,Clothing,41.11
e1fbcf04-4,Electronics,171.56
5ff948e9-e,Clothing,190.47
37dd32b9-2,Toys,94.21
f5929b23-f,Electronics,294.66
f735c522-7,Home & Kitchen,262.15
0bb347fc-8,Books,257.35
385d5a98-5,Books,318.15
1879476d-1,Sports,432.56
60552b00-5,Books,386.32
8dc77453-f,Toys,131.54
68175273-6,Clothing,32.29
1716680b-f,Home & Kitchen,278.03
61dc6cda-6,Beauty,381.05
3b35362c-0,Toys,56.78
7321f69d-6,Sports,30.56
70243117-d,Clothing,387.81
ec7ee1d8-c,Clothing,375.41
9f0f06d3-3,Sports,183.1
b1f1cec7-8,Electronics,278.54
fbcacc6c-d,Clothing,227.68
28c40ae3-e,Electronics,490.91
9eeae0e2-6,Clothing,69.31
b8c6b653-c,Beauty,31.12
538ed23f-d,Sports,225.59
c612b025-d,Toys,328.31
5aff8eb0-a,Books,92.21
0a6ec1de-5,Home & Kitchen,95.3
4cf74eeb-1,Toys,467.24
66d31bcc-5,Sports,181.68
86c443dc-d,Clothing,267.88
e5071257-0,Electronics,138.46
2d45fe93-4,Clothing,151.92
1df471c0-6,Electronics,163.54
ad05bd9b-3,Beauty,286.09
26feb22b-9,Beauty,209.89
43084da7-3,Toys,454.14
d3ede683-9,Home & Kitchen,87.6
8b7d3acc-5,Beauty,223.73
c2358c11-c,Clothing,473.12
5e1c0286-d,Clothing,474.63
6f5b3c27-7,Books,351.26
1e048fba-3,Clothing,412.47
5e3bc580-6,Sports,221.39
b6c438b1-4,Clothing,47.18
6ff74b4d-7,Sports,363.37
513edd5b-a,Sports,116.06
474e681a-a,Home & Kitchen,321.07
1e7bf1fe-6,Books,485.4
f28cdd02-7,Clothing,129.71
38d8b02d-4,Clothing,481.63
6eac3727-8,Electronics,112.0
db7d8ba8-a,Books,444.98
0e5c25e6-2,Beauty,226.97
5d6d3c17-6,Electronics,412.98
d0d702ad-8,Electronics,306.97
25ea4a1f-0,Books,479.52
7c4d897b-7,Sports,422.68
7fe0ba98-f,Toys,450.51
fa1b70a0-d,Clothing,337.72
dce9a48e-f,Clothing,355.43
933712e7-8,Sports,250.41
37cadfa7-8,Beauty,258.08
27cdeb76-6,Sports,61.98
cfcc5fd6-b,Books,277.14
210a2d36-7,Electronics,181.62
4c798c68-9,Beauty,101.29
e0f744c7-3,Sports,399.69
f5819e74-0,Books,181.69
37800a56-3,Clothing,138.51
1a3aa7ac-9,Sports,360.88
6d05da53-3,Toys,152.43
2ea64143-d,Home & Kitchen,278.78
9a544065-a,Beauty,82.95
28dd3466-1,Sports,83.31
7438ea1f-c,Books,268.14
071b5966-3,Sports,489.42
1d4e9360-1,Home & Kitchen,210.4
e5a12194-5,Books,99.23
385838a7-e,Electronics,280.2
bb11a08f-4,Beauty,200.14
b22c4626-9,Home & Kitchen,388.45
2784b792-4,Electronics,429.43
c1e93299-2,Toys,348.15
762221aa-3,Books,176.6
389afb40-f,Beauty,228.74
2830b16b-9,Home & Kitchen,302.97
88733fae-e,Beauty,117.7
67d80dfd-7,Clothing,219.19
381eab4a-d,Home & Kitchen,137.74
36fe6ac6-2,Beauty,436.86
82b6cd96-6,Sports,269.89
a1f2b6dd-7,Sports,81.82
5dd58cd8-2,Books,353.61
ed21c448-4,Toys,37.73
3eb56196-f,Books,215.34
c3890ccb-8,Toys,117.18
4a8e60af-d,Beauty,451.22
7bcd7ac9-6,Beauty,382.83
90a62e58-d,Sports,213.0
9e13e61e-c,Home & Kitchen,450.17
d5ffce9f-3,Home & Kitchen,251.98
3bf1badc-6,Beauty,345.49
8f8a84e9-8,Beauty,431.89
531124f2-0,Clothing,76.69
4fb52521-f,Electronics,373.26
ae353616-c,Books,26.71
3eed3203-4,Electronics,191.54
062f7492-d,Sports,473.96
c18f0916-4,Beauty,347.43
1ff000e0-e,Clothing,200.63
69e1b723-6,Home & Kitchen,47.45
5e2b3419-a,Home & Kitchen,453.53
91b88773-5,Clothing,378.95
908a54b6-0,Sports,321.66
27c745da-8,Home & Kitchen,429.78
51f72692-9,Home & Kitchen,392.26
d269fa86-d,Home & Kitchen,169.92
03e902b1-7,Beauty,344.08
a2075783-1,Books,119.61
507cfd45-3,Toys,304.02
d530da77-3,Books,221.6
cddf766d-e,Clothing,371.72
d78da125-0,Books,245.53
018f23ea-7,Home & Kitchen,435.73
b121d823-9,Beauty,399.88
98898541-4,Clothing,471.77
919c0e4d-0,Electronics,451.25
0e7f87e5-8,Toys,168.52
310c2d25-b,Home & Kitchen,272.8
73bb6de8-1,Electronics,153.13
31dd646d-7,Clothing,244.73
267985bd-2,Sports,74.64
b8455d97-7,Sports,204.33
7dcce976-1,Books,426.27
a7f3a36d-b,Electronics,369.36
f4193c4a-2,Electronics,384.61
26c3c2aa-e,Clothing,203.19
012b2dda-1,Electronics,394.31
52cdaea0-8,Beauty,135.22
3ba6780b-a,Toys,241.76
5024d38a-c,Toys,20.31
4af5147b-4,Toys,236.62
3c7eedc9-a,Sports,250.72
6280a914-4,Books,407.45
5497ca0e-5,Electronics,436.95
3a6f86b9-b,Toys,292.37
122394b2-e,Sports,63.8
63b737b8-d,Sports,462.49
433fec78-f,Sports,122.14
4b94f455-e,Toys,430.8
451dc78c-3,Books,245.54
c385a9e4-c,Toys,411.1
ce07178a-6,Clothing,152.62
13cd0a57-0,Toys,141.24
3d9f22df-f,Electronics,419.81
a0d2dea3-a,Clothing,389.67
56886e5d-7,Electronics,426.13
6e4a33e0-e,Electronics,496.76
5ec4a8b3-d,Electronics,109.99
4a545c9f-8,Books,423.41
f330657b-d,Home & Kitchen,59.42
2fe1f2b3-b,Clothing,14.4
bef56996-5,Beauty,127.92
84268f41-1,Sports,190.26
0f8b3bb7-8,Books,366.79
4396ccca-1,Home & Kitchen,238.92
4b89d022-8,Books,105.61
5afee66b-4,Beauty,251.84
17c05cd0-c,Toys,482.78
b0d69622-a,Toys,204.49
f73bf81c-f,Electronics,364.65
b3345786-8,Books,66.29
4023a06e-7,Home & Kitchen,122.79
3f1caf62-f,Home & Kitchen,59.16
2ad69764-b,Toys,482.74
33850590-0,Toys,400.25
07fa6d99-0,Clothing,278.69
14161f4b-8,Books,446.45
33b219e4-0,Toys,77.79
89d4357f-0,Clothing,126.91
c6438a19-5,Toys,350.82
0a454a94-f,Books,43.02
fbe1be6d-3,Toys,416.29
9d4429b3-b,Books,128.2
912f767d-d,Toys,112.97
4b585842-7,Toys,221.92
c043a23a-d,Toys,356.78
6698a03c-9,Sports,309.92
6e225e67-8,Books,400.63
15b532b8-c,Books,377.55
f1aa4880-3,Beauty,382.33
e4733b2d-3,Beauty,215.61
88ac9198-a,Books,352.89
ad95ddec-0,Clothing,403.98
2392c4a9-b,Beauty,19.44
95d60434-e,Toys,422.63
e9feb788-5,Toys,302.73
0ca7d06c-9,Beauty,71.26
1d45530e-f,Books,332.89
33f24bca-a,Clothing,254.19
3a2603ce-0,Beauty,436.15
a8e54bbb-b,Toys,379.65
c97eb78f-6,Toys,440.27
408988b0-2,Toys,358.89
1d0dfece-f,Home & Kitchen,463.05
ad413f74-7,Clothing,14.66
74232b1e-e,Clothing,374.15
f1612cb4-2,Beauty,330.67
1730de82-d,Books,367.14
b99ff610-5,Electronics,96.93
fd68f3df-7,Home & Kitchen,326.94
68365458-0,Sports,133.61
b1cac920-f,Electronics,319.29
c4e06440-e,Home & Kitchen,473.16
ceab308d-f,Electronics,261.33
fda392f9-d,Home & Kitchen,332.48
64049319-8,Clothing,180.06
494800ef-2,Home & Kitchen,478.62
2ac7fc27-9,Sports,391.77
2a34ede3-a,Beauty,194.6
93f6ad6c-3,Electronics,145.56
f6ffdeea-1,Toys,149.93
cbeb110c-d,Books,197.26
758e3cf5-d,Books,125.47
c8304287-0,Sports,221.24
b3684052-7,Clothing,421.76
f9c3cc85-b,Sports,342.6
4d81096c-a,Beauty,380.5
96a4eeb1-a,Electronics,435.45
d45a02f8-3,Books,255.26
1ac7fcaa-4,Sports,142.92
0ae87429-2,Electronics,203.54
8baecb87-6,Electronics,71.16
56534cf5-a,Books,484.89
891369e6-3,Home & Kitchen,431.84
1859fc40-2,Books,236.16
eb398faf-6,Electronics,319.55
4da1fb5d-d,Clothing,132.67
dfc784ec-d,Toys,112.35
69843943-b,Books,170.5
a4353860-7,Electronics,287.69
11d34f7e-2,Toys,216.75
df7930b9-d,Electronics,37.79
4ac6af27-a,Books,100.23
273017e8-2,Beauty,453.66
93235dc9-9,Toys,401.54
37a661c4-a,Beauty,442.41
c4f71922-a,Electronics,224.56
e740000e-2,Clothing,435.97
35efff39-b,Electronics,398.25
63c30b65-a,Toys,262.8
06fff043-4,Home & Kitchen,257.67
eba5c94a-6,Toys,410.07
39c7b618-6,Toys,51.33
76ca9c3c-c,Beauty,28.77
268b335a-8,Clothing,130.27
8164e79d-1,Beauty,113.72
a2f99d43-c,Beauty,306.77
d36a344e-f,Home & Kitchen,68.53
92411baa-e,Electronics,186.96
ed268cfc-4,Sports,496.79
6390f2ea-8,Books,479.63
7cbf22f9-2,Sports,235.86
85842870-7,Beauty,74.55
28ca7dce-f,Home & Kitchen,269.25
30ff2cd8-5,Books,66.37
579ede7a-c,Toys,122.84
b6add811-e,Electronics,209.68
e59dd1ef-7,Home & Kitchen,243.62
594121e8-4,Sports,421.25
4aa17ee2-e,Beauty,281.6
d001ebc6-5,Clothing,355.16
f474b729-5,Clothing,172.78
0412d7ff-f,Electronics,96.27
41f528fa-5,Sports,286.09
ef18627c-6,Home & Kitchen,407.47
8029a89d-b,Clothing,230.18
158fd3b5-2,Home & Kitchen,473.05
a52fdf17-b,Clothing,126.42
ad642b46-7,Electronics,357.02
dbebaa55-4,Home & Kitchen,114.6
e1afb191-5,Beauty,483.93
1fe67292-0,Electronics,410.02
793480ee-d,Home & Kitchen,39.29
3b3acd49-f,Home & Kitchen,143.25
c5a964e5-1,Sports,487.54
0c4145bc-8,Toys,84.34
98eb0ae1-e,Electronics,83.69
32f4abf1-e,Electronics,412.56
ac13377e-b,Toys,83.48
46b7b3a3-0,Clothing,422.69
df1e3f0d-5,Toys,110.52
347bc94b-6,Electronics,307.25
176b24ce-d,Books,83.16
bc2a8a1a-0,Beauty,33.33
1587d0c4-b,Books,96.23
2a339668-e,Clothing,246.49
afd38630-0,Books,414.86
33d1d69e-5,Electronics,87.2
d86c4787-2,Electronics,15.67
c8ee38d3-1,Beauty,396.59
380bf7e8-2,Books,64.47
a7e4d8b4-9,Books,364.19
74a43ff7-2,Beauty,265.86
4cc35f1a-1,Clothing,202.03
7c011ded-7,Toys,340.26
a6326e35-d,Clothing,84.13
05c97ccd-6,Home & Kitchen,72.96
e10f1782-1,Home & Kitchen,412.27
90ea4fe6-d,Electronics,16.08
b7e948d3-5,Beauty,13.43
7f6906b4-0,Sports,375.79
a8594906-d,Books,184.8
bea3dc50-a,Toys,15.56
a6166130-b,Sports,197.79
581a41f1-b,Books,175.77
b28c2240-7,Beauty,174.56
6f0fcbd8-e,Beauty,279.38
e101ab76-7,Clothing,129.52
2c1cd7b8-c,Clothing,125.93
57b27e03-4,Books,78.34
eb0596ff-1,Sports,23.85
4913cc97-2,Home & Kitchen,209.44
bb6469a8-e,Electronics,291.97
fda470b8-1,Electronics,401.11
0b4350eb-5,Books,335.49
d8f3686a-3,Clothing,58.24
30b35209-e,Toys,164.37
c29aa4a8-f,Beauty,99.36
5e9900af-f,Sports,351.99
676d7645-b,Books,365.39
ba8a075e-b,Toys,12.32
a9cf9e47-1,Sports,355.88
84478b2a-7,Beauty,462.7
f3fa141b-a,Clothing,308.66
3316625a-a,Sports,155.2
329af66f-e,Beauty,143.63
efd0a0a2-6,Clothing,23.78
d474e7e9-2,Electronics,365.38
4b0562d6-6,Sports,156.89
2ab12e1b-6,Books,429.37
ef5c107c-f,Home & Kitchen,197.66
0bb5397d-8,Beauty,167.31
868803c9-8,Toys,494.3
f6a07190-8,Home & Kitchen,115.09
51393037-0,Sports,140.42
4c529cb5-6,Home & Kitchen,263.55
581977ad-e,Home & Kitchen,23.62
05a68613-e,Clothing,181.26
38210005-e,Books,389.82
a1ca6a6d-5,Sports,347.3
7b2f61cf-4,Books,73.29
468994c4-8,Electronics,308.09
7cb9f116-e,Clothing,341.04
9bba74d0-a,Clothing,268.87
1d561c87-f,Electronics,30.54
3b16bf75-a,Toys,326.97
aa8da6fc-a,Sports,143.47
576781f7-3,Books,243.15
6eb3c1f2-9,Home & Kitchen,422.47
17546bcb-2,Books,243.06
bb5744d0-b,Home & Kitchen,179.92
f254b403-8,Books,95.75
842dd0ce-5,Electronics,398.4
8300126f-c,Toys,447.35
2a4a8474-e,Home & Kitchen,481.84
524bb820-b,Toys,112.69
d9daf14f-5,Electronics,466.59
68912f50-f,Toys,37.83
95991863-9,Beauty,197.76
fb79fc41-8,Sports,308.9
203a42f4-5,Home & Kitchen,169.15
c42c9409-d,Sports,220.98
0c0daeec-a,Home & Kitchen,218.58
84d390d3-6,Clothing,259.42
118c14a6-4,Toys,369.33
1a38d99a-4,Electronics,424.82
f5f63eca-8,Sports,426.82
ef1c4943-2,Clothing,50.89
b2240a4c-f,Toys,362.6
5284add4-d,Clothing,150.55
9150cb0b-4,Beauty,48.18
13ac4c2d-9,Beauty,138.64
6acf0b33-c,Electronics,274.22
d13af207-3,Beauty,327.53
6087024c-4,Clothing,477.1
4361fa36-a,Beauty,213.97
cb7f85a2-c,Sports,305.91
d1231bbf-f,Books,109.77
ac5c0b1b-5,Beauty,42.93
e3fbbb68-6,Books,387.69
1b1beeb3-3,Sports,64.68
e2579884-9,Home & Kitchen,55.0
7c632a2e-c,Toys,261.36
3fffb302-7,Home & Kitchen,415.54
0d81cb5b-8,Sports,291.5
887204fc-0,Books,56.4
166a45a2-c,Toys,63.96
567355fa-3,Home & Kitchen,246.62
2d4ef699-f,Books,61.7
5e93104b-a,Books,434.51
00fcb9c0-8,Clothing,350.78
ec4cfda5-5,Books,137.81
cc021b5e-8,Beauty,18.74
10e8a4f7-b,Toys,457.22
2c91e42a-6,Toys,233.57
5978f0ff-1,Electronics,136.96
7e336240-1,Clothing,440.6
e526dc06-e,Electronics,267.99
6d1515e6-3,Beauty,80.57
22678cd9-e,Sports,417.36
9aaae28d-d,Electronics,294.52
6cfb4a90-6,Sports,375.0
fa76eccc-7,Sports,60.63
c0d8e8ab-4,Clothing,214.26
84b8e40f-6,Home & Kitchen,131.08
a123f1a2-e,Clothing,395.41
bc32e509-c,Electronics,477.0
cacf1f1e-3,Electronics,314.34
0c58c336-9,Clothing,232.51
5c0ef37f-2,Books,306.61
a4399143-2,Beauty,271.74
7ba3966b-5,Sports,363.52
e1224f77-9,Electronics,304.33
4f25c1c1-a,Beauty,403.2
30571c6b-a,Electronics,317.23
e7b4c53e-1,Home & Kitchen,325.63
ad74ed86-b,Electronics,443.94
7fdb1426-8,Books,105.16
26488257-8,Home & Kitchen,95.11
0ab77e86-e,Toys,231.11
9d8e1e52-1,Home & Kitchen,89.92
1d77c7af-3,Home & Kitchen,293.2
4116b831-2,Electronics,171.28
f0ed22c9-3,Beauty,476.57
b82fe130-6,Sports,323.84
1f12847c-d,Sports,430.99
53b4de6e-9,Home & Kitchen,74.43
dc45d710-7,Clothing,390.11
abd19d27-0,Beauty,311.55
b709f015-d,Toys,136.17
1856f48e-9,Beauty,290.57
30c6766f-3,Beauty,465.37
e5167a38-0,Home & Kitchen,98.93
39394899-d,Sports,468.2
c5b6f5f8-7,Books,146.93
047680b7-4,Toys,481.22
962ce4b9-9,Home & Kitchen,51.83
38515136-8,Books,221.27
f8a7b3cb-a,Clothing,39.97
1cb6afbc-4,Beauty,219.61
326dc1f5-9,Sports,153.68
2c0caa2e-4,Clothing,393.56
bade74aa-4,Clothing,27.49
e797ba11-c,Home & Kitchen,279.28
9a56685d-c,Electronics,77.45
8dff29eb-7,Sports,226.49
0a39406a-e,Beauty,111.14
21918b6b-3,Sports,323.64
52f65655-f,Books,235.75
cad3fdda-e,Home & Kitchen,40.1
183ca096-f,Home & Kitchen,379.07
6b5e75a3-9,Electronics,25.28
3ed75263-6,Toys,340.18
284503ec-c,Home & Kitchen,10.37
41e93c18-6,Clothing,334.28
e8883132-5,Beauty,160.13
3a7449b5-2,Sports,223.01
a9f02f8c-1,Clothing,330.76
620721a3-e,Sports,345.47
0dc1a84f-d,Books,404.19
d332a849-4,Clothing,328.44
60fcaed7-7,Books,152.84
a0441877-3,Sports,353.96
cc8b1c23-2,Clothing,151.55
f2c895cb-2,Clothing,412.92
598596a4-7,Clothing,326.52
86885061-1,Electronics,198.45
9bf78c9a-3,Electronics,132.31
e54a25c2-4,Electronics,359.46
cf29c7a3-8,Books,466.36
c6347235-0,Beauty,368.62
3c9a3ef2-d,Home & Kitchen,374.41
1f31c5f9-6,Electronics,408.46
95199ded-8,Toys,252.68
9463ea85-8,Books,302.72
4efbd6fd-1,Electronics,335.31
fb219753-e,Books,253.05
d1391498-e,Sports,482.4
c95968a6-3,Beauty,384.44
63955182-b,Toys,340.43
c9b146c9-5,Toys,323.46
a1878150-1,Clothing,495.35
fde754b4-1,Toys,422.7
090337cd-a,Books,183.06
ac287cf7-1,Sports,439.67
18c52147-6,Electronics,40.86
75aef9df-6,Books,131.99
cc0cd40a-a,Clothing,264.43
2cfa9ec7-0,Sports,152.63
f9ab318b-7,Toys,435.67
9a5add4e-2,Books,458.34
a5155b7e-c,Electronics,201.3
c8124e78-4,Toys,221.53
5c0b6596-f,Sports,475.5
aaf35eae-2,Beauty,293.84
25cd002f-e,Sports,367.27
86dccec4-a,Beauty,89.92
25c1502c-f,Electronics,422.91
e0d5b83a-3,Electronics,276.94
788e7cc6-6,Home & Kitchen,408.28
33036bf9-b,Electronics,146.46
1518f397-4,Home & Kitchen,389.59
0faf569e-1,Electronics,273.61
ae145df8-8,Sports,373.25
1a48d1a4-7,Home & Kitchen,120.24
1eda0f3c-9,Sports,195.46
075c7e1a-a,Sports,18.99
a526d0bf-9,Books,124.31
979b12da-c,Clothing,233.95
6a9280ea-2,Toys,291.38
87c9f24f-8,Electronics,108.86
5655eb89-5,Beauty,201.42
d767d45d-a,Home & Kitchen,129.48
e8d4ff23-6,Beauty,475.59
b8375129-c,Sports,471.4
8a2d7d67-b,Books,279.07
f2dc543b-9,Home & Kitchen,373.45
fa44d09d-5,Clothing,89.77
b7a796cd-a,Sports,102.51
dcb6da7a-7,Sports,246.87
cec7eb10-1,Sports,163.15
e716451f-f,Books,221.52
7ef9e09f-b,Electronics,411.81
602bb15e-4,Clothing,466.18
c534d5aa-5,Toys,446.49
bfc775a1-a,Beauty,259.36
2fd1ffe3-1,Clothing,261.74
f9c10c74-8,Beauty,226.02
136578f7-6,Electronics,149.94
706a6f3e-9,Books,44.18
581fab2b-a,Electronics,94.83
c7008243-5,Sports,313.21
4efe9fdd-5,Clothing,249.86
e4e13f0f-d,Sports,250.31
a6212e2e-a,Sports,330.56
a28d5119-1,Clothing,377.06
78ba3547-b,Toys,337.91
8243d88e-e,Toys,52.16
8f3a5380-9,Toys,95.61
04284bd4-a,Sports,155.98
6d626cf9-1,Electronics,18.56
66f17216-a,Electronics,26.86
8264844a-e,Home & Kitchen,202.35
ad1f054b-2,Electronics,263.22
3d5fe14e-1,Clothing,298.79
27fb556a-3,Clothing,457.07
38362f6f-1,Electronics,442.46
35f1c343-b,Electronics,255.81
100f5bd6-3,Electronics,32.89
e23f5984-b,Clothing,251.88
85edc59a-c,Electronics,120.68
625ff553-e,Sports,30.21
c3fe6a0a-3,Books,246.17
c1fa2667-b,Toys,329.85
d565ad1e-7,Toys,437.06
7e5f9dad-d,Home & Kitchen,204.0
91e98516-d,Books,207.44
1d206f3c-3,Home & Kitchen,463.6
769c6a76-6,Home & Kitchen,359.03
9b6c0128-f,Books,384.7
d570140f-e,Electronics,298.02
c8170aaa-e,Clothing,400.84
3cd49ea6-1,Electronics,464.71
fb711bf3-4,Beauty,16.11
135f9af5-5,Books,484.74
43e4b99f-6,Toys,365.33
317d65ec-f,Electronics,176.01
b44206d3-1,Clothing,464.89
f9677a24-6,Clothing,401.8
0614e833-2,Clothing,210.96
3c8d5057-5,Toys,67.54
624d50b3-3,Books,31.73
76d8a34e-b,Electronics,298.26
1f2ee9a2-5,Sports,247.86
03f4ca3b-8,Clothing,362.83
e8f069f8-6,Books,476.64
d3a6af1a-7,Sports,388.38
19c52cc9-5,Sports,337.33
f0767145-7,Books,494.14
101ade60-3,Sports,455.94
cb17280c-0,Beauty,221.53
9885fa19-4,Books,461.56
d31d0123-a,Electronics,168.59
4cca89d4-4,Clothing,482.74
b3d1ba0f-3,Books,200.93
875caa36-1,Clothing,18.84
eb873293-1,Home & Kitchen,109.89
5b444a16-4,Electronics,98.61
4462097e-3,Electronics,459.61
e9dd6729-5,Electronics,28.61
82cc06cc-0,Toys,378.85
fbe1f8ba-0,Beauty,78.87
c070b4b6-1,Beauty,362.99
6341d191-8,Sports,198.38
87e5625f-c,Books,471.66
25a9c188-a,Clothing,68.68
8adaa913-f,Books,289.83
46a92f74-2,Sports,343.43
37d88ca0-0,Toys,196.34
c7378104-f,Books,183.04
49ed6d0d-8,Sports,182.28
46500eae-c,Toys,329.94
d701275e-9,Home & Kitchen,50.63
584a7808-7,Sports,40.61
79a38003-0,Home & Kitchen,73.19
868c12ec-1,Electronics,140.84
4d8fc1fb-3,Clothing,460.17
272d1c1e-d,Toys,248.71
bf98ce15-f,Electronics,33.88
a2f4cd32-3,Books,464.05
1ff851f4-7,Electronics,180.19
605fd5fe-7,Beauty,329.78
7150ff17-b,Sports,336.05
df7cd075-2,Toys,95.06
b46bc60c-b,Beauty,94.97
eb885daf-7,Beauty,443.0
22ed0aa6-5,Sports,230.09
d6276dee-6,Toys,65.75
6dc8bf66-f,Clothing,116.39
e4426847-7,Books,315.16
bcdaa92b-c,Sports,133.14
63132048-a,Home & Kitchen,167.4
77363464-a,Clothing,43.48
5e26e41d-1,Electronics,14.54
7d7d6526-3,Sports,302.08
7d1006e3-7,Home & Kitchen,474.64
f4dc1f9e-3,Toys,496.29
97a50e99-a,Electronics,397.3
3d3bc42d-c,Beauty,284.26
a7ddfd45-9,Toys,146.22
2c2faf85-a,Beauty,134.41
7efcfbc1-8,Toys,277.93
505d5a39-d,Toys,175.25
89fe8404-d,Toys,12.14
e2a6302f-9,Books,333.82
dc1f1f13-f,Books,125.36
89ddf5fd-7,Electronics,109.9
c979e542-7,Clothing,473.91
2166f519-9,Electronics,294.36
fd8c870e-2,Clothing,460.68
e94d9977-3,Home & Kitchen,362.96
19f3b34c-3,Beauty,95.3
c4910d2d-c,Books,259.1
45f9b126-8,Books,205.38
7b2b5520-9,Clothing,370.12
ab136d2e-f,Home & Kitchen,97.7
eedfbf75-6,Home & Kitchen,306.03
5697bb51-3,Toys,72.75
2ee16cb9-f,Clothing,186.26
22332c97-1,Toys,16.7
c2a9a44a-4,Toys,191.15
47f7d81c-2,Sports,232.55
04a731ad-f,Home & Kitchen,234.62
106c929a-7,Electronics,31.72
fb8256e8-a,Electronics,159.29
805daac9-0,Clothing,30.68
1b911467-9,Books,285.83
92ff2301-c,Clothing,311.67
c968f734-c,Electronics,277.94
a952cd60-a,Books,368.42
58473eef-4,Home & Kitchen,379.22
45f6a7d5-8,Electronics,265.27
21341a74-3,Home & Kitchen,369.05
ed14558a-7,Beauty,493.7
9ffd92ed-4,Beauty,499.65
1878cf5a-b,Beauty,31.78
78fc8fe3-6,Toys,145.1
025cebdc-b,Toys,163.27
186cf076-b,Toys,223.69
0c602c0e-d,Beauty,417.94
4395c151-c,Home & Kitchen,270.76
4bf67e4a-1,Beauty,497.52
a2fdbbd6-3,Sports,348.59
c4f7e6b0-9,Electronics,362.5
4d57ddaa-d,Home & Kitchen,411.6
4a9db56e-b,Books,206.82
8cc9674f-9,Books,161.64
881ea42d-0,Sports,27.22
d12bfdfa-c,Beauty,310.78
fab11646-d,Toys,227.18
1524eaed-7,Home & Kitchen,383.65
87409d7f-6,Home & Kitchen,153.01
12dec9d2-a,Sports,202.59
a5f0b72c-e,Electronics,464.92
00cabebb-5,Toys,241.52
dc52dd90-9,Clothing,153.55
9cc7d475-d,Electronics,52.37
ccaace6c-b,Beauty,83.47
353a3dfb-c,Clothing,56.54
ed3c487d-3,Books,200.97
6088e242-d,Electronics,458.08
54459852-1,Home & Kitchen,284.25
44399f1d-0,Beauty,329.64
adeb9832-4,Books,407.43
52de41ab-1,Clothing,141.16
ab11e8cb-a,Beauty,291.79
65461fd8-0,Electronics,211.17
af0a95ad-9,Clothing,461.66
7b13c22d-e,Sports,71.33
9f3985c8-e,Sports,208.52
654d10d0-a,Toys,251.47
cb073c91-8,Sports,249.57
9d539845-5,Home & Kitchen,327.6
6c517e1f-0,Home & Kitchen,79.12
6e5bd6db-0,Beauty,419.33
f8863647-9,Sports,485.37
5771604f-4,Electronics,381.37
40efd882-7,Electronics,43.97
a4d41da0-b,Sports,18.83
1f1d87d4-7,Sports,407.91
66140a6e-1,Electronics,242.01
7b67e89b-6,Toys,284.88
7df8467d-8,Books,277.39
8a92200f-7,Electronics,93.6
9818c76a-8,Electronics,300.06
73871064-1,Clothing,34.36
5be37573-b,Toys,258.4
ca06715c-d,Clothing,347.13
c92b0f0c-c,Home & Kitchen,480.8
9bb22a8b-a,Home & Kitchen,92.03
3d7c2710-7,Clothing,341.83
207d5b1e-8,Electronics,354.66
f0074454-3,Books,441.84
4ad3c592-c,Home & Kitchen,481.86
c3265e2a-f,Books,382.18
80b52540-7,Clothing,161.02
fd1ec13c-d,Toys,477.48
b9bf1e92-b,Books,301.17
7e635ae5-c,Home & Kitchen,428.08
e876784d-7,Electronics,260.66
791be972-6,Books,126.22
b99c3aa9-c,Books,15.04
b14ddad9-e,Home & Kitchen,474.05
650cfb0b-7,Home & Kitchen,261.58
4800e623-9,Sports,484.13
88556210-7,Beauty,73.24
28a53034-3,Clothing,342.32
e960a759-3,Home & Kitchen,69.64
263982c9-a,Books,407.48
4a32c0a0-8,Electronics,99.49
aff7f14b-0,Toys,330.6
11fb33c7-a,Books,90.77
1990cfc9-5,Beauty,130.13
e20f0e47-6,Books,441.92
fc294888-f,Electronics,256.51
289544ad-2,Sports,392.04
5a4c2797-7,Home & Kitchen,496.82
76639c92-e,Electronics,206.43
872b8abe-f,Sports,278.41
a90e4600-6,Toys,221.23
01f61e5d-d,Toys,253.31
3f220d8a-4,Beauty,85.36
a0a861a7-0,Clothing,122.21
7e13033b-9,Sports,40.02
b843f1a2-3,Sports,482.59
22c19343-0,Clothing,343.71
58a12720-9,Books,407.74
02c35efa-3,Books,274.57
9824cc72-0,Home & Kitchen,181.18
36a204de-b,Books,301.21
80b28ec1-1,Sports,378.97
f0dc391c-b,Home & Kitchen,291.57
8dfa80a9-a,Sports,374.81
b720ce22-f,Books,285.95
563623c6-f,Electronics,309.01
09144443-b,Sports,499.96
17cc8844-e,Electronics,376.17
fc077491-6,Toys,189.0
0d2ea5a2-6,Sports,471.23
c2e06025-6,Books,108.88
bc80dadc-b,Home & Kitchen,176.92
e695e227-e,Beauty,172.71
deec827a-3,Toys,403.23
a6a347dd-a,Books,224.05
9f0098a7-5,Beauty,458.94
a6189391-d,Home & Kitchen,186.09
34d122bf-5,Toys,94.02
7b4233d2-d,Toys,178.71
bc8165dc-d,Home & Kitchen,138.31
f12eee5a-c,Beauty,61.62
475d4cf1-c,Sports,493.04
a3b21d1b-b,Clothing,93.28
70b6b201-4,Toys,459.49
7dd40ade-e,Home & Kitchen,246.03
48231ccc-5,Electronics,172.66
4b41a5fc-3,Clothing,233.2
2787e47c-9,Toys,304.79
143dd678-7,Books,124.42
82b5be1c-d,Electronics,27.16
66d84c63-e,Sports,420.22
7b826100-c,Beauty,187.72
8f17be1c-d,Toys,363.56
2db00657-3,Clothing,256.97
ff777544-d,Toys,389.7
5be07323-d,Home & Kitchen,242.13
7c691a42-9,Beauty,415.0
6ed3d2f3-3,Toys,205.38
a72d9534-6,Electronics,402.37
94d72c63-f,Toys,130.6
f5925221-d,Clothing,401.02
d6f32dd8-f,Electronics,376.07
264cc6f2-b,Books,361.79
796274f4-9,Electronics,477.51
baf6af3a-2,Toys,209.1
54768b80-4,Toys,367.38
77b44571-a,Beauty,49.99
98991933-6,Home & Kitchen,223.13
a315c8f4-1,Clothing,481.77
71e34e7e-d,Toys,333.36
4b0a0467-d,Books,460.93
ab545833-e,Home & Kitchen,198.84
6c180001-8,Books,335.09
60305bf5-b,Books,410.41
d3dc4ba6-3,Electronics,393.83
e2c3e03c-f,Electronics,398.76
87109b74-d,Clothing,455.43
ed1adb23-e,Toys,352.31
f163326a-e,Sports,166.63
4c7cdc78-5,Sports,362.57
0ca0aa41-4,Books,96.73
c5cc3ef2-7,Sports,420.31
a57ea4d6-b,Sports,56.1
545a2eb9-d,Sports,349.84
3636152c-4,Books,358.31
b75f0c2c-f,Toys,361.61
dce8b779-7,Electronics,450.48
5b6f25c3-7,Books,330.31
63ae55e3-c,Electronics,151.85
81a22f1c-4,Clothing,276.74
4583a4bf-b,Toys,345.43
510084a8-1,Books,389.96
22eb5551-c,Home & Kitchen,16.18
94f6ab2a-a,Books,226.93
9fbcb30e-3,Electronics,116.1
2a410eda-f,Toys,216.97
d0a161db-1,Electronics,33.25
25ef6419-9,Electronics,181.56
6f11ccc4-8,Clothing,350.58
5524ed33-7,Clothing,222.11
b278799f-b,Beauty,445.45
4ba7e11d-7,Home & Kitchen,449.09
f99b8f8a-c,Beauty,206.19
c8d049e0-d,Home & Kitchen,19.55
44002de8-0,Home & Kitchen,211.62
e77e1af7-5,Electronics,152.24
81dfd444-c,Toys,222.36
5f4bc204-f,Home & Kitchen,95.92
1e2f69da-1,Beauty,335.09
7bf2973a-6,Toys,241.25
52599214-3,Sports,123.91
c9dde1e5-4,Beauty,170.1
946ec3fd-e,Sports,12.24
0be9c57e-b,Electronics,496.29
aaba4dcc-7,Beauty,214.77
0169a3ab-a,Electronics,453.64
73014b58-9,Toys,63.98
d885509a-e,Toys,343.35
808ca9d1-8,Toys,46.68
1dacee5b-e,Toys,269.06
60dec6bb-a,Sports,145.91
dcae4939-5,Electronics,300.96
dbee7a4d-d,Toys,83.67
037ddfe3-9,Toys,491.44
84be7a5a-2,Electronics,436.45
81899877-0,Sports,177.91
c89c4459-0,Toys,53.69
feeeabdc-c,Toys,179.55
c3c887cb-a,Toys,348.31
1af0660f-c,Sports,301.91
5e6ccb0a-7,Clothing,227.08
18cc36c2-2,Home & Kitchen,330.53
306ad08a-7,Electronics,286.47
db0c8025-6,Electronics,130.6
9ca7c504-6,Electronics,465.45
69bcf5e6-c,Clothing,117.74
de178a79-4,Electronics,265.67
835c8ffe-7,Books,95.18
14272c92-f,Clothing,101.4
6af45722-8,Home & Kitchen,309.63
9229ec2c-a,Sports,147.6
74c0aea6-2,Clothing,77.64
26a7d768-2,Beauty,407.12
1f8f04df-b,Books,173.32
cab96b83-5,Beauty,335.86
774ad254-3,Home & Kitchen,110.52
1b7806c8-8,Beauty,300.6
d5175f47-8,Books,312.78
d9c29578-e,Clothing,499.91
cd65d18d-a,Home & Kitchen,170.31
49723911-b,Sports,78.11
e124f0dc-9,Electronics,305.34
c2819460-a,Sports,426.79
3ebedb00-4,Home & Kitchen,375.73
6610b307-5,Sports,163.86
d7790ef9-1,Electronics,203.98
44fb96a5-a,Sports,145.31
647df5b4-8,Clothing,221.16
a73807ae-d,Toys,256.42
6406a187-e,Sports,431.38
134467bd-1,Sports,345.75
08c3ba2b-2,Beauty,96.68
81312f44-7,Clothing,438.0
641eeb23-2,Sports,272.29
57d4489b-e,Toys,84.09
e61eaba4-4,Clothing,432.25
351120fc-3,Beauty,179.62
d65d0c73-0,Electronics,302.95
d1f197aa-d,Toys,345.41
650935e7-9,Books,167.63
f965f3ef-d,Sports,436.92
184903ed-3,Toys,168.92
d0f527a9-b,Toys,42.14
085249b5-7,Sports,178.91
1c05ddd2-1,Electronics,322.75
2b0c246f-9,Toys,123.27
631e9a74-1,Sports,361.29
c96f4099-4,Home & Kitchen,275.42
43c1eda4-5,Books,321.92
2b2b723a-0,Home & Kitchen,292.11
abcdf90c-4,Sports,444.49
78a16480-d,Beauty,182.13
5a098fec-d,Beauty,412.71
d3fd1a35-2,Sports,235.28
441abad4-6,Home & Kitchen,309.9
2b2d1b01-d,Beauty,327.07
0a406fe0-9,Sports,459.22
568ad177-d,Books,323.0
68fb956a-8,Home & Kitchen,170.44
d64ddbd5-c,Electronics,354.49
2bdb1ae5-9,Electronics,277.17
02895d3a-7,Sports,169.69
c6be69d5-3,Home & Kitchen,209.19
0e1d89b5-2,Home & Kitchen,258.78
3be497cb-0,Sports,480.49
4eaba910-8,Sports,465.95
7bfbfd94-7,Clothing,195.8
099b46cb-1,Home & Kitchen,100.78
a9b57c56-1,Toys,31.79
36f6022c-6,Home & Kitchen,493.53
10fcf229-3,Toys,190.3
de5e986e-7,Beauty,22.77
26b61a09-1,Sports,307.9
1d3bb5fd-9,Toys,150.05
0b938bcf-d,Toys,347.71
8d5bccd1-3,Toys,136.24
6a9e51ec-b,Beauty,146.47
25458e74-d,Clothing,448.81
b33afedd-a,Books,286.12
cf11150e-3,Toys,308.37
84c9273b-5,Electronics,286.47
d986c065-8,Books,350.59
2c14c5cd-a,Clothing,254.32
18df8182-6,Clothing,297.32
ec20f7ba-1,Toys,219.48
f367ee26-d,Books,134.52
4d872e66-a,Sports,34.07
0b9b177e-a,Electronics,339.21
63799771-c,Electronics,335.09
fb8a4697-5,Sports,338.0
3b188e25-6,Toys,348.31
d68623f3-f,Toys,357.9
5e4309df-9,Sports,27.03
cb932ccc-5,Books,465.64
e594132a-a,Beauty,416.88
a0b69e5a-5,Beauty,170.97
db38b528-1,Home & Kitchen,460.19
e75ab5dd-f,Home & Kitchen,327.39
cae07d8a-c,Clothing,451.34
0de2edaa-c,Home & Kitchen,297.02
ba2c4d0b-b,Beauty,359.48
d1ea2388-0,Beauty,105.45
9964a78a-f,Sports,30.46
1bd34f46-f,Books,247.76
5ade36b9-a,Toys,260.81
b83f2b71-b,Toys,21.41
06b65d09-0,Beauty,27.13
036f2fe1-2,Clothing,304.86
74744f71-4,Books,69.37
89625cd3-1,Clothing,50.93
ae8d3eae-6,Toys,337.58
210baeee-c,Clothing,252.65
840db3df-5,Electronics,400.08
36e9439c-e,Home & Kitchen,320.67
ad73b872-2,Clothing,427.29
83292e34-7,Clothing,396.76
86a55194-0,Toys,61.37
ab4ed7ce-a,Home & Kitchen,200.57
aaefb8df-e,Books,457.69
f07e1c4a-e,Sports,56.97
99c19952-1,Clothing,289.27
093ae015-8,Toys,365.26
081c5408-8,Books,44.14
6f9c6a73-0,Beauty,32.7
2c6437d5-0,Clothing,223.04
8d8504b9-2,Books,256.64
1943f09a-4,Sports,82.48
8961518f-6,Home & Kitchen,493.82
1bb48f49-2,Home & Kitchen,430.5
ad3dd065-0,Toys,12.1
23e94b32-e,Sports,474.41
9412f332-b,Toys,243.52
d1db315e-8,Sports,394.83
cb403165-3,Books,175.86
4068c6cc-f,Sports,237.77
759b4aed-d,Books,143.21
f8103189-a,Toys,222.65
26b7a7e9-d,Sports,348.18
e66a4d85-4,Clothing,152.52
79a3bbca-d,Books,448.26
0c60ae4e-f,Clothing,459.22
16aa4a41-3,Home & Kitchen,432.11
e53da9e7-5,Clothing,320.98
1d60b62b-e,Sports,104.47
13d2a56c-7,Sports,249.4
16d121ec-a,Books,39.02
b80cc9c3-a,Sports,185.53
f7e0f6f0-f,Clothing,463.55
efd11390-1,Electronics,277.05
19603713-f,Sports,159.03
7c2e02c5-f,Home & Kitchen,53.69
e359b315-2,Sports,350.46
42fdf304-9,Sports,358.64
9d0e8539-f,Books,33.8
f0095bdf-b,Home & Kitchen,188.8
c0ecbccc-e,Sports,178.75
10c04914-7,Toys,185.17
5d4c0577-0,Sports,417.51
58aa2a00-6,Books,407.59
575b7120-d,Beauty,230.14
e3135ee0-b,Beauty,207.06
dcce0ed9-3,Electronics,166.69
2e82b12b-e,Electronics,476.53
9083dac4-8,Beauty,420.41
a9b75daf-4,Books,408.9
9b2eb9f8-b,Clothing,311.9
a604afd7-c,Electronics,160.11
98bb0634-3,Toys,100.64
4c5d05af-4,Clothing,79.12
10f9fb68-2,Toys,115.23
b8265a41-6,Clothing,212.08
3ad00ebe-5,Sports,25.95
61a89e00-6,Toys,336.87
5c344e7e-8,Beauty,43.47
fdb8a7f4-c,Electronics,185.53
7586ecdc-5,Clothing,483.62
1bbfa35f-1,Sports,30.28
9c4d9173-9,Books,482.52
3a0742ad-c,Toys,359.32
80655c44-1,Toys,386.46
fcd5caf1-3,Books,36.34
c1a2396c-c,Toys,328.64
bf0e5aab-7,Home & Kitchen,141.52
ae8de22c-f,Sports,310.66
a4397891-6,Sports,311.01
0e60eaee-3,Toys,60.79
2b2e8a4f-7,Home & Kitchen,252.0
023a6d02-4,Clothing,213.0
d41b9799-8,Electronics,191.77
ec04ee8b-b,Clothing,239.31
58f0bb2e-0,Home & Kitchen,212.42
3f5fd069-8,Books,209.08
634aa8eb-d,Clothing,394.82
c11cf3e8-4,Home & Kitchen,305.94
27d825b4-e,Home & Kitchen,390.66
0a113398-3,Beauty,402.97
06506e6c-8,Beauty,280.99
dee40ad7-9,Sports,309.55
bd32ad96-9,Beauty,471.41
ad922c38-1,Sports,46.48
253d232c-e,Beauty,338.0
0e16bb68-d,Home & Kitchen,171.64
6a198ec0-3,Home & Kitchen,488.06
a80e01a6-4,Electronics,334.67
87786ea9-7,Clothing,448.02
1f7ef990-f,Clothing,424.33
9febb427-c,Sports,56.69
87f0d140-4,Sports,431.13
c756485e-5,Clothing,353.93
7c8cb492-9,Toys,54.61
bf6ca00b-4,Home & Kitchen,90.79
97f6e07b-a,Beauty,424.21
c46ba7fb-a,Beauty,45.8
d00045a5-7,Toys,301.6
ecd83830-9,Home & Kitchen,241.97
91e28e7b-b,Books,335.84
68c330d6-1,Sports,317.46
8a241150-c,Clothing,53.79
d3076535-1,Beauty,459.39
e0b93f87-1,Home & Kitchen,175.33
956bb0df-7,Beauty,69.77
5dfd69d9-d,Beauty,157.11
df2752c8-3,Beauty,102.7
2f19e634-2,Clothing,312.85
75c9c188-a,Clothing,317.59
eff5b46d-f,Beauty,218.68
e436cd21-e,Sports,56.45
7d443016-7,Beauty,85.54
c6e8e685-2,Toys,200.44
7f815c17-f,Electronics,132.23
41de6e0b-3,Sports,217.61
921d4f13-4,Books,227.44
8432da61-7,Electronics,154.15
d19df4c1-7,Books,19.42
eb72dd01-6,Home & Kitchen,423.01
4fc43503-b,Electronics,352.47
5c194e4d-5,Books,323.85
8583655b-4,Clothing,96.34
77eebc88-5,Toys,11.54
dc145f91-a,Beauty,376.52
75d4498d-1,Electronics,258.91
4aab29e2-f,Sports,209.44
aacdd2c4-c,Beauty,489.9
d1247110-6,Beauty,371.81
8227ea90-9,Toys,40.04
4a86d1fb-3,Sports,384.6
2f32fabd-6,Books,259.47
8b31adf8-f,Sports,483.34
cd056501-f,Toys,253.19
2c009751-7,Toys,419.4
c3862bfa-7,Home & Kitchen,245.52
f2a45064-4,Clothing,280.31
7deb0c35-a,Sports,67.67
3f2757b0-5,Home & Kitchen,364.44
b072608e-d,Books,44.29
d86224a6-5,Beauty,461.31
c157dce7-a,Toys,473.17
c77431bc-6,Home & Kitchen,133.49
680206e7-9,Clothing,430.32
35c9ea9d-e,Sports,466.36
8298b8bb-a,Electronics,274.4
ee387572-7,Books,29.3
50e481c0-5,Sports,122.96
17c41fd0-2,Beauty,333.18
d831b4b9-c,Books,221.69
889d5066-d,Toys,250.53
903cb2e0-3,Electronics,135.86
e39375fe-c,Electronics,225.4
7121fc95-b,Books,172.45
adfc7a07-5,Sports,89.42
a55367ed-0,Beauty,488.14
efa8cfb9-7,Electronics,107.61
925e172b-3,Toys,463.05
b52f485a-a,Books,304.57
4ae93dc1-f,Electronics,32.78
e4c4fb8c-b,Sports,56.83
edb15fad-1,Home & Kitchen,158.57
5c4eb084-f,Toys,251.72
51a993a4-f,Beauty,10.09
228f3945-3,Toys,303.28
7c30f0b9-c,Electronics,312.92
319ec9d3-3,Home & Kitchen,402.85
8701783e-b,Home & Kitchen,70.44
d8d5bbee-a,Beauty,181.51
9bed94c1-4,Toys,448.07
cdb2d37a-5,Books,211.53
fd629be3-9,Home & Kitchen,196.14
b7c4ad12-d,Home & Kitchen,295.8
9049ae69-3,Books,362.26
6acff5a9-7,Sports,188.56
6f64c12e-e,Sports,308.79
5055970f-f,Toys,53.1
c21445bf-b,Toys,204.25
e6dbc8e3-b,Clothing,117.23
3e468113-f,Home & Kitchen,156.3
76aa1ea0-8,Home & Kitchen,486.62
e94fcef7-e,Beauty,221.1
96dad3eb-2,Beauty,377.15
402f8310-9,Clothing,198.3
cc29b70c-9,Electronics,450.82
564328a3-b,Beauty,214.8
d041bc6d-6,Clothing,178.58
190f2c5a-4,Sports,237.9
d5415a88-b,Beauty,34.93
31b244c4-e,Clothing,64.64
3154eee7-f,Toys,170.08
a5cfe885-e,Beauty,276.05
39fae33a-1,Beauty,48.61
d44a2095-d,Toys,367.32
939d5107-f,Electronics,34.09
364eca44-2,Clothing,468.37
0a7f521e-d,Beauty,358.01
d3cf0826-b,Home & Kitchen,131.56
1f32d8cc-c,Books,123.61
a99dea2b-5,Toys,263.15
d8eb9263-5,Clothing,333.61
38cf2d1c-5,Books,285.17
4c7f1e50-b,Toys,494.04
842ffe80-1,Clothing,405.3
293a38fe-d,Clothing,450.5
37d5ff11-d,Toys,342.2
b1877937-7,Sports,141.64
a700768e-1,Books,420.46
1e2d8f24-1,Books,154.85
a2638fa2-0,Toys,14.98
2dc07f56-1,Electronics,222.53
531dde67-e,Electronics,469.59
8546c4a0-9,Electronics,159.68
56e92b46-5,Clothing,332.28
b8db29c2-8,Clothing,43.45
d36761e5-d,Home & Kitchen,189.9
54a76b2a-1,Clothing,469.25
cf82e4f9-e,Home & Kitchen,176.77
8df2d84a-8,Home & Kitchen,50.18
7ce62017-e,Electronics,472.29
570d72b8-e,Books,168.18
3230bb6d-2,Clothing,302.29
cc0deb02-8,Toys,229.69
a4d482bc-d,Sports,39.88
23f814dd-0,Clothing,487.58
26fe9d8a-2,Beauty,435.68
8851dc3a-b,Beauty,246.05
8c3a1e6d-f,Toys,354.39
c908ffae-d,Home & Kitchen,429.88
1204b685-8,Beauty,382.0
cfdde875-f,Sports,358.92
6bab26fc-f,Sports,299.6
fe92f8a3-b,Beauty,399.82
e33efac7-7,Home & Kitchen,493.1
f01054be-4,Home & Kitchen,367.95
b41deede-e,Electronics,24.9
08e2216f-5,Beauty,271.48
4f2ee81f-b,Toys,196.43
83154e70-7,Electronics,158.88
82a78612-e,Clothing,79.33
434c53a0-b,Beauty,82.45
42d95dd7-9,Beauty,120.64
76255c12-3,Books,41.21
bac908ce-6,Beauty,57.34
53007736-c,Sports,339.34
e61f1ff4-c,Clothing,204.21
a536d3c3-c,Toys,338.65
ce2e6997-2,Sports,489.79
59529419-b,Clothing,109.25
cb7235e5-6,Clothing,51.45
bc9dfe4a-6,Electronics,335.99
0950f467-5,Clothing,330.38
69c85c6c-4,Electronics,131.14
19394d50-9,Beauty,70.91
06057d1a-1,Clothing,60.45
9f25d201-2,Beauty,15.53
3f521c90-8,Sports,73.02
db03816d-5,Beauty,145.2
b5b87c28-8,Toys,169.63
b6a495f7-3,Books,298.89
88463def-0,Toys,44.62
cd387cb1-7,Electronics,141.65
d434ef75-f,Beauty,68.93
5c71109f-d,Books,466.55
1a4d08fc-9,Books,363.65
69e5ece3-0,Electronics,332.45
a0aee878-0,Beauty,70.54
dde8b508-8,Clothing,419.78
78c2c072-a,Books,229.55
18dbb72e-4,Beauty,352.62
f9e78c04-0,Clothing,291.47
bab0e53c-1,Books,283.16
d8f5d269-b,Toys,191.38
3d9f2988-2,Toys,342.06
17e4ef98-9,Beauty,161.34
eca7c8f5-7,Sports,65.76
b25e6146-5,Home & Kitchen,479.55
873a1c84-4,Home & Kitchen,38.91
f0aa6c04-d,Beauty,110.36
f1d4ba1b-c,Electronics,249.3
24762d59-0,Electronics,211.9
99bb9054-c,Toys,442.51
2ae18f21-9,Toys,315.06
2a124c4b-6,Beauty,343.3
96122269-e,Electronics,283.44
c7e00823-9,Home & Kitchen,370.42
b902f571-4,Beauty,196.54
1251f351-5,Beauty,135.73
0de4281d-7,Clothing,129.34
27bd0cd5-0,Books,35.85
43adcdc7-3,Beauty,247.91
7ffbe709-f,Home & Kitchen,343.77
4c89d93f-f,Home & Kitchen,219.9
af4922af-0,Sports,111.63
097b7e8b-0,Electronics,12.81
d4f0c64c-7,Toys,42.07
506b541e-e,Books,12.31
d22cc472-c,Toys,117.78
c5a7acf5-b,Sports,139.02
033b7ee6-6,Clothing,470.95
6a7a39f4-6,Clothing,219.54
e6656e33-1,Toys,121.26
67eaf6d5-5,Electronics,247.73
ca4b2436-d,Books,96.82
5d23a21a-a,Toys,62.47
27c69f35-a,Clothing,367.66
4a2530fc-2,Home & Kitchen,349.25
0e7f9e8d-a,Clothing,130.8
8144b8b1-3,Clothing,186.72
12685d60-d,Home & Kitchen,364.33
6cc3bafb-d,Toys,442.58
8e083444-0,Home & Kitchen,114.99
d6bdabc8-0,Home & Kitchen,239.96
ef3686c3-d,Home & Kitchen,105.15
78d1d70f-0,Clothing,169.17
e812760e-5,Toys,102.19
dbd440a0-a,Clothing,448.45
af9fe8b3-3,Home & Kitchen,253.96
5461a379-b,Books,11.78
47a3946a-3,Clothing,369.37
a5869197-0,Clothing,428.52
de597029-b,Books,381.47
523ad572-6,Electronics,414.58
b5aadce1-c,Clothing,49.72
0244459e-1,Toys,51.29
65f8d376-1,Sports,309.46
e139b477-2,Beauty,313.73
20c97f3f-3,Books,272.64
5bcb7043-d,Home & Kitchen,267.6
2bed8c90-3,Beauty,498.34
af4eb230-a,Toys,161.07
cb999c1d-3,Books,282.59
f4a3e8cd-0,Home & Kitchen,270.51
87e3f91f-e,Beauty,486.77
499bf772-5,Books,70.29
9f3b277a-9,Sports,286.09
df454d33-a,Beauty,15.28
ad544888-c,Toys,493.29
0461bb46-9,Home & Kitchen,499.03
ec298b70-1,Toys,55.74
b06f4427-0,Electronics,39.08
d6fd4ffa-b,Books,184.5
21e66fb0-8,Sports,23.78
1c5dc486-3,Toys,305.11
b9a0b553-3,Beauty,70.75
527c6afc-d,Toys,47.82
29fd9f4c-2,Electronics,315.17
9dd6fa49-2,Home & Kitchen,391.15
fa9b0c94-c,Home & Kitchen,208.82
898d3b83-7,Clothing,167.14
3bac057e-7,Toys,103.58
4c32a366-9,Clothing,330.62
a599e26a-7,Toys,332.62
2d6d02c8-3,Electronics,378.56
a57d6d95-d,Toys,316.26
9f8a2ddf-4,Home & Kitchen,342.44
1cc77022-7,Beauty,397.84
1754a1c2-0,Electronics,108.21
39dbd736-8,Home & Kitchen,18.66
75b4dee8-f,Beauty,409.47
21cd54a6-b,Home & Kitchen,173.97
fe8c0849-5,Beauty,168.6
40253e54-c,Home & Kitchen,339.21
bdcbf1db-5,Electronics,285.03
3aae97ce-e,Toys,248.35
397a849e-9,Home & Kitchen,457.3
5e8d2fa4-b,Beauty,473.99
fbe0711d-8,Home & Kitchen,374.73
f48ee0b6-4,Books,98.06
3153fc70-c,Sports,96.7
df647eab-1,Sports,242.2
1094a34f-c,Home & Kitchen,68.81
06e64a6d-9,Home & Kitchen,279.24
5256329a-b,Electronics,157.2
94d1d4e5-8,Sports,100.84
346ca473-d,Sports,475.29
c0b2e627-a,Home & Kitchen,354.3
e86bbd6a-c,Electronics,411.94
9e362869-e,Home & Kitchen,394.76
14f61c03-2,Beauty,145.13
d415a5a0-0,Home & Kitchen,357.28
13e61b83-0,Electronics,471.26
0a207bc4-2,Home & Kitchen,266.52
966fffa4-8,Clothing,424.42
73b70ac2-6,Toys,340.82
e4712712-5,Clothing,14.61
1be08cb5-0,Beauty,361.82
26f79595-6,Books,408.43
da3142f3-3,Clothing,298.3
1c112403-d,Sports,107.22
ea327b14-f,Books,62.65
b5f17aa1-3,Clothing,388.74
27f8c0d1-a,Electronics,170.72
616ab617-1,Electronics,427.8
1db0a0d7-d,Sports,172.15
a45383ed-9,Clothing,123.37
36253681-2,Beauty,395.77
5211bcb4-4,Electronics,326.73
936b1b79-4,Beauty,196.18
45eb8579-5,Home & Kitchen,355.37
3df45155-a,Beauty,72.64
7b21851a-f,Clothing,94.64
6f35afb4-0,Sports,363.85
3b81e1b0-2,Beauty,182.2
6f80640c-e,Beauty,114.15
c92cf5c0-2,Clothing,135.7
dd4ab37f-9,Beauty,421.02
9f50736e-b,Electronics,476.41
d6e2737f-c,Electronics,92.19
8b9e7563-e,Clothing,258.6
027fc4d8-d,Clothing,154.47
e31e4665-3,Toys,57.82
6bcafd23-8,Beauty,493.56
94db1f71-4,Toys,92.41
468410b1-b,Sports,433.77
523b5770-d,Sports,368.86
c86217cd-2,Clothing,227.2
a7f2a6e5-d,Toys,167.04
916c2bf4-7,Beauty,129.27
f412ae56-7,Clothing,434.22
89e30633-9,Beauty,397.35
ab9809e2-9,Sports,116.85
8b6956ef-0,Sports,356.66
e2ea7af7-9,Beauty,202.5
6ab73ad3-c,Beauty,373.86
a3592481-b,Clothing,247.81
87a2c25d-1,Home & Kitchen,298.05
03645f13-2,Beauty,364.54
81601d96-c,Sports,48.49
6b482363-8,Home & Kitchen,270.36
62f53ba1-6,Home & Kitchen,279.37
1a2c6fc4-3,Sports,235.71
3c244368-d,Sports,358.33
7cd8f2a8-d,Beauty,62.99
516465df-c,Sports,108.95
4c20f3a2-4,Clothing,321.56
a3bb0ee7-6,Sports,271.59
8fb834c6-d,Books,498.73
c7432ae5-d,Beauty,135.77
b4683e3f-5,Home & Kitchen,341.68
c6678dfd-e,Beauty,187.86
d1a4dd43-b,Toys,273.85
05276afc-4,Sports,359.75
d0feadab-5,Sports,497.98
b23e0152-d,Clothing,191.08
fd3499b4-a,Electronics,425.53
99c4efc0-3,Sports,116.19
590b8280-4,Sports,365.32
f007440f-4,Books,12.56
0afa4ac3-f,Toys,133.11
36d673d6-b,Beauty,415.94
2ab88ed7-e,Books,57.71
ede349c0-3,Toys,51.09
fc66d1b9-d,Books,480.65
b34b4437-c,Home & Kitchen,495.95
6d0c7871-b,Home & Kitchen,55.64
0c788a9d-f,Beauty,244.52
df7fe53a-3,Clothing,485.72
cd56e7a6-9,Clothing,152.19
fc24fdb7-0,Beauty,481.03
99312242-3,Beauty,74.24
04e031b4-7,Home & Kitchen,108.12
ceac98df-1,Home & Kitchen,418.85
bd178e35-6,Sports,323.61
5933b2dd-2,Sports,473.15
4ecdcc3c-d,Electronics,439.29
fde4af99-e,Electronics,415.71
ce8d953e-0,Toys,197.33
74f9d647-0,Sports,488.2
54c6c382-8,Beauty,238.75
4ae6e368-7,Books,37.22
bb939790-9,Clothing,478.77
fd5ff259-b,Clothing,441.14
45a890f4-2,Toys,209.12
ab4b088f-1,Toys,71.71
edcf8345-f,Sports,213.18
4ee44cb9-b,Beauty,417.6
ac890a55-a,Books,347.93
b7ddde9c-d,Toys,431.65
0b325fcf-3,Sports,212.6
e9916462-0,Home & Kitchen,485.75
2a8e2f78-1,Electronics,230.19
062b2e28-5,Books,90.16
e80188fd-b,Toys,361.98
5ee2c43a-4,Clothing,404.79
a0ad1806-c,Books,256.82
791f0dd9-1,Sports,442.96
8bf6dbe2-e,Home & Kitchen,32.72
4d852084-c,Home & Kitchen,90.24
705d8bd6-e,Sports,117.91
d14ce47a-e,Beauty,389.12
fa938c93-7,Beauty,450.24
0a815ba8-4,Books,329.33
0a39160c-f,Electronics,344.85
2c770b54-1,Home & Kitchen,343.88
1eeee585-b,Books,423.67
1a8229ee-a,Beauty,16.99
bac7facb-1,Books,483.73
cc0167d3-4,Sports,245.8
3f842f24-8,Beauty,55.84
cd6bbc83-e,Home & Kitchen,390.3
d7510d30-2,Books,147.52
85f214bf-1,Clothing,493.32
ada798d8-7,Books,110.72
fc0f7387-2,Books,164.11
7b620e7c-8,Clothing,282.41
5e0804fa-9,Clothing,139.5
630e08f4-d,Home & Kitchen,413.16
9326646d-7,Books,37.42
fc1ec9e9-d,Beauty,464.57
5c071a3e-3,Electronics,57.23
eb2fb3d1-7,Electronics,254.76
fb339072-0,Clothing,59.22
be87620f-9,Toys,219.74
5b7987b2-2,Toys,452.36
6a90f71c-1,Beauty,269.81
6c3e6be6-b,Electronics,325.14
34578a9e-2,Toys,439.39
38f70e29-6,Beauty,429.22
d45881db-8,Clothing,220.71
16fda4a4-4,Toys,12.15
3aa04295-7,Home & Kitchen,348.91
080a1588-6,Books,176.27
e01a29bc-7,Beauty,115.08
7f4e3932-a,Toys,442.08
934af6fa-9,Sports,289.28
713d5f95-d,Books,321.34
35bf1d25-e,Toys,73.18
e2cad399-f,Beauty,14.65
fd62a479-8,Clothing,166.33
af094393-c,Home & Kitchen,368.81
49d274a9-8,Sports,140.52
0e29a6fa-2,Beauty,468.38
14634891-f,Beauty,424.75
921cad79-9,Home & Kitchen,367.63
6eed063d-8,Home & Kitchen,269.57
76d6e659-f,Books,168.68
4c54bc3f-1,Beauty,291.45
9a339c33-e,Toys,256.77
6a8083d3-7,Home & Kitchen,477.27
4e37126e-2,Beauty,344.29
ab0bb71f-3,Books,347.22
6e814027-4,Sports,100.75
c57a437c-b,Home & Kitchen,464.61
6b72dfda-c,Clothing,30.49
d289d18d-5,Sports,331.13
be1966eb-d,Clothing,214.77
e0798a1e-4,Home & Kitchen,55.69
1537c930-7,Beauty,240.01
0ec45da7-5,Electronics,151.5
5968e23a-f,Sports,82.55
183d23fb-b,Books,161.32
4ce71e3b-1,Clothing,255.65
b5f6a3f5-4,Clothing,14.37
b376b897-5,Clothing,145.14
337e0f42-b,Toys,447.34
e0d9a8f7-e,Electronics,41.41
c9ab8562-0,Electronics,469.59
3f9836de-1,Sports,138.81
71a834ba-5,Books,152.35
13bca435-3,Books,391.14
862a9954-7,Beauty,264.31
eb3a18a3-c,Books,94.05
05b50e6a-0,Toys,132.08
6492654a-a,Electronics,410.94
b848fedb-4,Beauty,299.69
74a1e24e-f,Books,260.56
da7b19b9-e,Clothing,92.61
9110011e-9,Clothing,373.0
06b288a3-1,Clothing,424.68
2cc466c8-3,Books,105.0
c8dbe801-6,Home & Kitchen,26.92
1d6ec559-1,Toys,26.81
0879e7a2-3,Sports,333.98
21f1ffb4-5,Electronics,381.69
909e867e-a,Home & Kitchen,212.65
974faa53-8,Books,375.68
d4274eed-2,Electronics,38.74
ed5918a0-f,Home & Kitchen,185.13
65d571aa-f,Beauty,156.51
b71df685-1,Home & Kitchen,106.27
2d2a8bb5-4,Home & Kitchen,137.59
b9f308d2-3,Toys,38.62
bccfc6f0-b,Sports,316.12
44966d58-e,Clothing,118.28
9a47068b-3,Beauty,120.16
5a8fe0a0-4,Sports,286.23
fa789197-d,Home & Kitchen,334.87
8bf1214c-c,Books,79.07
c5e4d064-f,Beauty,248.07
c4e3be90-8,Books,158.66
5140fdf2-0,Sports,233.88
b1aefea9-0,Books,324.33
3c274f70-1,Sports,416.78
7d22dcf8-6,Clothing,163.98
41474000-7,Beauty,462.11
e957083c-5,Home & Kitchen,441.45
d81f1f28-e,Electronics,50.81
0fcd357b-3,Toys,341.92
d30ee264-9,Toys,182.16
d2e653f1-1,Books,436.44
bd0ad888-8,Beauty,179.26
74ebdb33-e,Beauty,471.43
3cb64c8f-3,Electronics,431.46
b87d7e2c-3,Home & Kitchen,230.47
891e3976-2,Sports,421.62
d52923e3-6,Sports,308.95
273ce285-f,Books,187.72
a60cc9d5-b,Clothing,273.34
c562dbd0-9,Clothing,469.76
14c148fc-3,Electronics,46.25
0983e6d6-b,Clothing,115.88
49360ce8-1,Electronics,144.04
7af8b67f-e,Books,461.93
004ae9eb-0,Electronics,68.08
9cd2cba7-7,Home & Kitchen,156.47
2d07d366-7,Toys,489.95
74577e64-d,Books,403.62
8289aa1a-7,Beauty,175.16
9b4f9de2-1,Toys,481.16
73b63a9d-3,Beauty,182.13
a23c4e84-f,Books,289.48
af7bd15a-8,Clothing,154.02
1fff4ff8-8,Books,298.47
817c1d74-7,Beauty,119.15
19592ee3-5,Sports,328.87
84844630-e,Sports,346.81
c0cc6bff-6,Books,210.37
a64f4cc1-1,Beauty,352.66
c434508d-3,Beauty,127.78
34f01a02-c,Clothing,61.37
8ab203ed-0,Books,76.8
6ffe0b61-d,Books,158.42
482d9eb4-d,Home & Kitchen,349.16
668aa034-6,Sports,319.98
aa3dbf64-5,Sports,276.08
50889b27-f,Clothing,324.41
b683ba73-5,Beauty,421.16
d45b8dc8-d,Beauty,106.66
4f7e965b-1,Beauty,174.43
787ca917-e,Home & Kitchen,250.0
e80edd02-2,Beauty,480.82
62b4ee7a-6,Home & Kitchen,187.84
6b55c0d4-0,Books,315.54
da046af8-6,Sports,186.17
d166d0c2-a,Clothing,204.03
8da332da-a,Sports,229.52
79dc5c00-8,Books,130.16
0bec836e-1,Clothing,470.92
0b8e93ab-1,Home & Kitchen,367.49
0aa405c8-b,Sports,41.11
a839d7a6-0,Toys,276.12
4b7aeeb4-d,Toys,268.14
9248f11b-8,Home & Kitchen,108.07
4284ba03-7,Home & Kitchen,124.29
4096a452-0,Clothing,53.55
03504d8a-d,Home & Kitchen,149.82
a38fa435-4,Electronics,122.81
748793a0-2,Clothing,147.44
117417c1-9,Beauty,71.51
731bb929-8,Clothing,162.81
5beb8bd2-0,Home & Kitchen,182.35
dc3598ed-4,Clothing,334.65
c850d4a5-9,Clothing,15.45
3ee7c3f5-1,Beauty,134.04
6e5a726a-a,Sports,432.41
b9394d22-4,Home & Kitchen,100.72
0903f466-f,Toys,70.94
ccf9f689-6,Home & Kitchen,62.19
31bc3b59-3,Books,330.53
708ecda7-d,Sports,463.2
17c0c091-5,Sports,11.94
1dd30373-6,Sports,193.48
f9379563-e,Home & Kitchen,19.09
2dd1d448-8,Electronics,194.92
f3a1636e-1,Electronics,336.27
97e677cb-6,Home & Kitchen,469.29
eb1479f3-f,Sports,15.8
0b599874-2,Books,30.81
0fc0a3c3-d,Beauty,137.04
eb6be1ca-1,Sports,316.1
66c83748-3,Sports,306.26
7de11438-b,Sports,134.53
0c98dbfb-1,Home & Kitchen,426.71
67dad671-2,Books,56.51
8ef678aa-9,Beauty,278.86
a49fddcb-4,Toys,471.77
1ef0156f-7,Beauty,292.74
2f9f2265-e,Clothing,368.17
73bd35e0-1,Clothing,313.85
34e02965-3,Toys,107.27
2c952a50-4,Clothing,394.07
99f2f294-d,Beauty,414.68
de463b7d-8,Beauty,124.21
ad7ec721-9,Books,205.1
6b20bcd6-4,Sports,249.81
1155fc55-5,Home & Kitchen,54.3
1ceb87ae-e,Electronics,255.6
26be4ef8-4,Books,491.18
427e49a5-7,Toys,463.69
73cded42-c,Beauty,96.86
5adb772f-b,Beauty,180.91
a371102e-f,Clothing,170.46
e88dc97f-5,Clothing,492.41
1e61b452-a,Clothing,191.05
bbc7195e-8,Books,224.84
c7dba5e8-1,Toys,130.19
5ce04406-8,Toys,132.67
f825c098-f,Toys,296.84
d2c5913e-a,Home & Kitchen,254.11
de19ae1f-a,Beauty,273.03
46af5cdd-0,Electronics,433.48
a135c362-c,Clothing,119.22
7bc64761-0,Sports,83.14
7da00e52-a,Home & Kitchen,469.67
090421d9-5,Books,89.73
55b6d10e-3,Toys,154.93
cafa45f9-e,Books,422.91
bb656f87-5,Sports,191.22
ebfe5119-f,Toys,282.3
3825f76f-9,Beauty,473.47
bc84ed28-8,Sports,401.02
6b3feb11-d,Books,212.45
f10f6e27-5,Books,107.85
3df02c31-e,Sports,299.44
09bfc749-2,Clothing,180.07
e4637676-9,Beauty,26.18
4885fdf1-e,Books,41.5
50996230-2,Books,487.32
708ad704-6,Home & Kitchen,171.89
d29842bf-5,Electronics,310.88
3a3431c0-1,Clothing,462.61
fac92d7f-e,Clothing,278.52
1fb11b6f-9,Books,162.92
a2f9f3e2-7,Home & Kitchen,172.7
0e8cfebd-e,Books,46.11
5d9ef960-1,Home & Kitchen,471.76
5f71ad74-e,Home & Kitchen,263.49
ad3c9d8d-b,Home & Kitchen,30.52
f580de18-9,Toys,143.49
02b3f5ae-b,Beauty,21.3
2d8544d7-8,Electronics,271.54
b9507324-c,Books,292.99
bc3a7a7a-1,Books,119.18
46067a09-f,Books,393.18
1d980ea4-a,Electronics,110.59
09a09097-c,Electronics,488.92
49908afb-9,Books,428.84
aa684113-0,Toys,231.78
9675e013-e,Books,118.57
4ee8e600-b,Clothing,393.1
b8eabdb6-0,Sports,384.99
1202fac1-8,Clothing,171.84
07c8c702-1,Home & Kitchen,264.13
ee5461f9-5,Beauty,109.89
6a51da27-0,Beauty,447.8
c06702ca-7,Home & Kitchen,204.93
1c418a9a-f,Books,393.43
5c275a49-6,Clothing,425.7
36c32f94-e,Electronics,128.88
e9f16b04-b,Clothing,407.36
1913b9f5-f,Toys,415.44
c5776e2b-0,Electronics,333.31
bb2afb7b-9,Sports,17.86
0db55b23-5,Home & Kitchen,14.23
6dd643ff-f,Sports,336.97
89c2cf5c-5,Beauty,214.24
3c2c7bd1-a,Toys,330.88
8d6a12a7-0,Beauty,373.59
a463e1e2-5,Electronics,117.15
e8bdd051-c,Toys,267.5
c33a593f-6,Books,444.15
9df55aea-0,Sports,135.6
230d9649-c,Home & Kitchen,70.14
56e22c85-1,Clothing,155.81
fb547ae4-7,Books,313.29
81aa1299-5,Toys,478.62
d0e09be9-c,Home & Kitchen,175.5
1626312c-c,Toys,90.76
aed2d726-1,Electronics,323.21
f9a4c648-b,Sports,145.89
55781174-b,Toys,56.77
ae06fbe8-0,Clothing,168.31
594ef637-c,Clothing,421.59
ce5bfe4c-0,Home & Kitchen,144.19
8e83d866-a,Beauty,479.32
02cefb6b-a,Clothing,330.71
6dd487cc-4,Beauty,217.35
65c19c36-c,Books,193.15
9b5e7055-7,Toys,352.6
3e65294c-d,Sports,376.39
d45c3dfa-8,Toys,498.58
26348ec1-0,Electronics,469.47
61556376-b,Home & Kitchen,55.95
4e670a5b-8,Sports,334.08
0ac98a57-a,Books,144.67
003d1f09-c,Toys,181.21
0595e396-b,Sports,273.16
ea6be03c-9,Sports,361.24
757cdf83-b,Sports,353.7
5a4aba10-8,Toys,373.65
c54c70f9-c,Clothing,361.48
a567dafc-5,Home & Kitchen,296.22
fdcb2e14-f,Toys,48.52
8e910cce-9,Home & Kitchen,262.23
3003f89f-c,Clothing,243.84
7036a176-4,Clothing,41.68
00b3c8d1-b,Toys,480.84
bf26daef-1,Home & Kitchen,488.06
2cc13aac-d,Beauty,91.27
7c7054b6-b,Electronics,18.15
6e609028-f,Toys,33.14
7e940f3c-8,Home & Kitchen,392.77
5ad070b1-8,Electronics,279.96
24cde985-c,Clothing,408.64
67d7c91c-b,Home & Kitchen,491.7
20c99ee6-7,Clothing,260.12
f0b7f510-3,Books,455.77
e18a5897-c,Electronics,55.31
ab613eea-c,Sports,261.0
7f0a5173-a,Toys,255.6
c8df4458-3,Clothing,173.69
2cf0d432-8,Electronics,394.9
bfd85ecd-1,Beauty,29.46
e5714c84-9,Electronics,273.52
6a06a69a-b,Books,56.11
ac7bf91d-0,Electronics,42.89
12ca96d3-8,Electronics,92.47
6f3a6478-1,Books,64.22
8ef22240-7,Books,119.63
ce0d6be8-5,Clothing,357.91
1005ef1b-8,Beauty,81.78
2bff9cc4-4,Home & Kitchen,18.63
9f6995da-c,Electronics,249.98
c0062d3e-a,Sports,131.33
819cf080-c,Toys,430.99
3907e89b-b,Electronics,382.07
8ab8122b-7,Clothing,177.67
b5f03124-1,Clothing,385.62
81792d61-d,Clothing,94.33
5b4b2513-5,Beauty,403.54
62fa448b-9,Home & Kitchen,301.37
a076e727-e,Electronics,102.67
85ce9a52-3,Home & Kitchen,457.4
13c71160-0,Beauty,203.25
aac59317-7,Toys,221.76
6e2c6f03-9,Home & Kitchen,105.25
0907acd4-7,Home & Kitchen,125.71
7439579c-8,Clothing,493.99
e4c206e9-f,Sports,158.67
1e6bef43-b,Books,139.01
8f262ef1-f,Electronics,186.37
bb0b56a8-0,Electronics,398.89
c65f5cbc-4,Clothing,15.38
3ce3e465-d,Books,353.97
0dba9639-a,Home & Kitchen,190.88
8628668e-4,Beauty,470.18
ee1c7116-f,Books,184.21
339b8269-a,Sports,31.22
bb49caa3-2,Books,376.89
bf113b2f-5,Home & Kitchen,213.59
6ad232d8-0,Electronics,147.85
8adce88d-f,Beauty,281.71
825343f1-0,Sports,57.65
860e5dd3-0,Books,458.91
99ec5f3d-c,Electronics,173.36
9eab942b-0,Sports,250.91
ec854f0f-d,Clothing,410.07
ebe8b43b-c,Books,318.02
828e8cf5-8,Electronics,291.23
f0fdca6b-4,Sports,254.27
f852678c-a,Home & Kitchen,235.02
d3a06e65-a,Books,266.65
d587cd2f-2,Books,228.28
d8519efa-7,Electronics,286.86
5aca3424-d,Electronics,235.82
ffb9c83c-f,Books,418.07
fc9b7220-8,Toys,137.79
ff1218f2-a,Toys,397.37
7c966874-4,Sports,306.61
0c723758-5,Sports,476.73
4dad1419-5,Toys,233.8
c8128ce6-f,Beauty,372.91
3db407ae-2,Electronics,203.99
7105de94-6,Toys,135.87
8be86f7a-9,Beauty,210.69
50c30ff3-4,Home & Kitchen,55.36
fd65745e-3,Books,392.88
57b42657-b,Clothing,297.6
9d5fbb5c-8,Toys,149.91
c4f93075-e,Sports,484.14
d9ac2b55-c,Home & Kitchen,453.99
ad17107c-3,Sports,324.68
43f505c8-6,Electronics,37.39
c2b44056-b,Home & Kitchen,410.07
13741e7f-f,Clothing,323.65
bbdc6651-3,Electronics,165.56
4ce5173c-6,Electronics,221.03
25583753-9,Home & Kitchen,51.27
272f1feb-4,Sports,51.31
81bf8c6c-c,Home & Kitchen,235.35
3d444ba2-6,Books,462.66
58741ec0-3,Clothing,67.02
6a975f71-2,Clothing,457.96
3f87a674-e,Clothing,215.06
6e039e31-8,Electronics,49.79
d57ebdfe-f,Toys,71.25
b5cae03d-2,Sports,47.04
56b1fa03-5,Electronics,250.1
786e085b-a,Home & Kitchen,333.61
5be334f3-b,Home & Kitchen,41.85
143b0a24-6,Home & Kitchen,94.11
2902da20-1,Books,486.05
772798f1-d,Beauty,293.03
965ef4ce-4,Toys,274.85
ce301235-0,Books,187.3
94586749-1,Electronics,297.32
3f4e0fd0-3,Books,55.9
9b3c5c8f-a,Books,404.85
51714cbb-3,Sports,39.82
970d3f0c-a,Books,259.65
ab34f455-d,Clothing,29.8
df56e5a2-3,Electronics,352.73
6d0321c6-b,Clothing,265.73
0ad41cff-3,Toys,25.94
46cc5efc-9,Home & Kitchen,315.53
e9b42654-9,Beauty,96.8
3a45b287-4,Home & Kitchen,229.13
6d122b75-8,Sports,119.97
73db29d6-9,Clothing,250.45
b36687ef-b,Toys,168.44
a33cd9a4-a,Toys,103.8
2b4369eb-8,Toys,52.94
2215cddb-3,Books,368.07
85693781-a,Beauty,135.49
40c78e8a-c,Clothing,404.46
c5bb69e8-1,Electronics,477.36
7e201cc8-0,Sports,187.4
1ddb4839-f,Books,415.48
1b774792-1,Home & Kitchen,138.62
3fffc757-5,Sports,10.33
0c531a40-9,Electronics,423.28
13733608-4,Beauty,372.63
efc23d58-a,Clothing,441.72
c98f8347-4,Books,399.38
257bca99-8,Clothing,428.53
e7e972e1-b,Clothing,308.6
aea633be-6,Toys,452.0
638f689c-2,Home & Kitchen,233.42
452b4ded-0,Clothing,24.55
7f84540b-f,Electronics,196.1
5a1355a8-c,Toys,227.48
4635b113-8,Electronics,318.83
54dc6586-b,Toys,186.5
9c03e74e-5,Books,141.28
d903018d-c,Clothing,121.13
a955efd5-3,Sports,87.7
5cdea072-d,Books,247.3
7226de32-a,Home & Kitchen,10.82
1be63723-a,Electronics,200.86
ce70b83a-b,Clothing,32.66
9c22d058-e,Books,498.59
9c80f68b-7,Clothing,276.84
eaf0bd4e-6,Beauty,62.2
9823aeae-9,Electronics,75.65
34b2c858-e,Home & Kitchen,442.91
08be4b5f-8,Electronics,205.35
f07dfff0-3,Electronics,370.3
55767258-f,Toys,251.66
f83c9a9f-8,Home & Kitchen,467.8
2e319782-b,Sports,428.97
f5406e9f-0,Sports,479.89
9d2666f1-9,Electronics,451.74
bda21a04-9,Sports,189.54
4a7d5999-0,Beauty,61.47
e8d63fa7-6,Home & Kitchen,406.13
d6d06f86-5,Beauty,233.79
7baf5c66-7,Books,117.37
7521556b-9,Clothing,146.37
e720ba94-6,Clothing,262.71
887725db-e,Electronics,374.98
c364eefe-b,Toys,206.92
e63d4065-9,Beauty,126.06
9d783d45-f,Toys,216.8
13f8e517-6,Books,48.15
7af7b6b9-8,Beauty,339.34
d1980e92-c,Sports,130.51
95e0e113-3,Books,58.82
baa2239a-2,Toys,440.49
c6712c79-0,Clothing,216.4
074ac86a-e,Clothing,44.95
1840b0df-0,Electronics,284.9
970c7b44-e,Beauty,407.75
c24d3b93-9,Home & Kitchen,28.94
fc58d2fa-b,Beauty,279.34
17e7359b-d,Sports,403.49
f70dd60a-e,Electronics,266.16
203b195c-f,Toys,59.11
503beecd-3,Clothing,492.24
c19b4c84-1,Toys,181.73
66dbeb49-b,Electronics,362.98
e4ea1690-0,Home & Kitchen,164.7
2e17abb5-e,Toys,469.41
59dc4ca6-c,Home & Kitchen,357.41
a4744089-d,Home & Kitchen,446.21
6f13d2ba-3,Clothing,170.8
26a6952d-5,Sports,122.58
98fa1373-2,Home & Kitchen,493.51
50abae2d-e,Home & Kitchen,278.5
ac86b890-3,Home & Kitchen,176.59
76573101-d,Beauty,72.08
6aedd577-8,Beauty,497.92
45719f00-6,Beauty,333.66
5e4a3b63-e,Beauty,416.11
81356275-a,Clothing,494.49
f1f419a7-2,Clothing,22.12
1b8adf6e-1,Toys,178.5
60d1aaff-6,Books,219.2
c2722564-1,Electronics,310.01
70038a77-7,Toys,175.18
411d96de-8,Beauty,464.54
f79a86d6-7,Sports,345.03
5a21c9b3-0,Electronics,269.89
d4e58542-6,Electronics,443.26
ae992cfe-8,Electronics,421.99
a8dc7ad5-e,Books,270.41
a654ef13-7,Clothing,245.22
51f64685-1,Sports,258.5
c336381e-2,Books,409.67
d3252599-5,Books,135.25
1119a5d9-e,Toys,323.14
94754bb1-a,Home & Kitchen,56.46
fefd3d88-4,Clothing,338.11
bb287ce6-e,Clothing,496.13
3e6d5f1a-6,Books,476.97
2f050590-8,Clothing,195.46
a07b6eb7-8,Toys,200.87
f2efe2c9-0,Sports,12.7
0f9b23d4-b,Books,46.81
3c4e266b-1,Home & Kitchen,447.61
ba1aeddc-6,Books,236.71
3dd3a0c6-9,Clothing,30.85
309e09ed-b,Home & Kitchen,254.08
88a25e14-f,Clothing,234.28
fb27cf00-b,Toys,286.83
2080ce3e-5,Beauty,266.23
74b9a1c6-9,Books,97.64
5421b4c8-f,Clothing,113.41
ce358136-a,Sports,495.55
15983b6d-0,Home & Kitchen,222.65
7d8dd0f0-2,Sports,393.04
522fb9fb-8,Beauty,196.56
6b089f15-e,Sports,290.25
7fb86df7-8,Sports,379.93
61607168-d,Electronics,171.18
1a020527-c,Home & Kitchen,149.3
e35274e1-8,Clothing,222.07
5fe8d63f-5,Beauty,52.29
c1ea1c05-0,Books,58.85
48aa9a64-c,Home & Kitchen,273.13
015db72c-0,Books,127.6
e3508600-6,Clothing,82.43
677e9d50-8,Books,269.76
04ccaf0f-6,Sports,337.7
e66c1407-e,Home & Kitchen,353.08
ea8fb66a-8,Sports,436.99
1cf43582-9,Books,384.23
6ed09154-a,Clothing,243.88
17e8e153-e,Home & Kitchen,261.8
e00ace59-9,Books,471.02
31421ef6-3,Electronics,437.56
c48b3198-1,Toys,433.53
397e3df0-7,Home & Kitchen,414.73
4730cccc-1,Home & Kitchen,121.2
6ac06d61-0,Home & Kitchen,479.54
941bb2a0-3,Home & Kitchen,296.45
3baea861-d,Beauty,286.43
fa0af2c6-1,Home & Kitchen,143.24
586cb8e2-1,Toys,313.68
df20c732-7,Home & Kitchen,224.68
9c83496b-c,Toys,232.86
49cf6bb4-d,Toys,63.37
233f387c-1,Clothing,103.44
48db1429-2,Clothing,488.6
d858c042-1,Home & Kitchen,371.23
2883c4ac-f,Toys,386.7
dadc64fc-7,Electronics,370.53
fb9b8a28-0,Electronics,135.13
f14c6602-a,Electronics,448.19
38ca7a74-1,Home & Kitchen,140.0
b9814c5b-8,Home & Kitchen,430.03
5c564283-5,Clothing,478.79
cc4ba47c-4,Toys,261.25
d79a97af-7,Books,444.77
63966cd3-e,Clothing,102.54
7f6bc8e2-e,Books,52.51
9937c112-8,Clothing,425.83
81ecd3ab-c,Electronics,455.26
a476f50b-b,Electronics,199.44
965e5e98-c,Beauty,96.61
cb57e30b-c,Home & Kitchen,265.18
a18c2dc8-6,Clothing,241.58
d628dc52-4,Clothing,20.79
fc41815f-e,Clothing,52.46
b9117808-0,Toys,264.94
1791f55a-d,Sports,190.85
7160c687-8,Toys,307.03
274655e4-e,Beauty,271.29
a0af3ec3-9,Clothing,394.16
a58f35a8-e,Books,152.41
3ffe4523-6,Clothing,197.51
c20acdec-f,Sports,412.15
49bf1cb4-b,Electronics,389.86
a1fb2513-7,Clothing,235.54
41c59c9b-6,Beauty,227.56
dd69f824-e,Electronics,484.75
27edc33a-b,Beauty,82.9
b4df519d-3,Sports,17.03
f5d84932-c,Sports,290.57
2dca1666-7,Clothing,147.97
7af4e869-5,Home & Kitchen,350.82
f355dbeb-0,Toys,315.16
cfaae2b3-e,Clothing,332.54
f9d9bdde-6,Beauty,249.14
f1898a02-a,Beauty,438.9
943bb270-4,Beauty,260.01
68186695-8,Beauty,427.72
2ef7f9b2-0,Electronics,243.29
3b735a05-d,Electronics,360.82
13dfffe6-c,Home & Kitchen,426.84
edae5249-0,Beauty,25.36
e9696ff1-7,Clothing,219.93
776fa794-3,Electronics,104.5
a552d4bc-8,Home & Kitchen,28.34
ba62c94d-d,Beauty,301.06
383c3aab-0,Books,74.9
0fab0af4-7,Books,350.21
e5f942f3-8,Toys,43.23
07df35b4-9,Toys,386.36
fe974b83-c,Clothing,172.92
35ed32b8-0,Books,25.98
f7e31ff0-3,Clothing,435.14
f934d520-d,Books,134.42
01d22c80-5,Sports,296.55
53c83493-b,Home & Kitchen,105.52
b18c0e0f-7,Toys,338.82
0c1b665c-f,Electronics,165.23
e9d5ad81-4,Electronics,384.9
ee2f115e-2,Home & Kitchen,423.56
5a620590-5,Beauty,139.84
ecde892a-6,Books,492.78
f72e811d-c,Home & Kitchen,220.92
28f61b71-1,Home & Kitchen,365.04
5cff4a42-6,Sports,385.34
2531d8cb-d,Books,458.94
3a6f68d0-c,Books,287.43
dec78273-c,Home & Kitchen,383.01
cc2a189c-2,Beauty,62.51
1f5ed0c6-f,Beauty,210.68
b2469e12-a,Electronics,59.48
130534bb-e,Sports,415.39
2e43f4f8-8,Toys,323.5
7b06e4f3-1,Home & Kitchen,268.81
244356f2-8,Electronics,247.41
16470a66-0,Sports,142.35
540132b9-4,Toys,228.46
595ac82f-6,Electronics,390.22
63508b8e-4,Electronics,98.89
25257708-b,Sports,475.72
1482500a-e,Clothing,312.28
39f3ffa9-f,Clothing,365.44
bd577fc8-d,Books,209.3
acd7f9c1-7,Toys,484.65
3abe5b39-e,Clothing,217.91
a4248d87-7,Home & Kitchen,427.63
ba13da59-b,Books,390.58
73bd1e59-9,Clothing,90.01
63f3bf90-9,Home & Kitchen,388.41
72646c94-a,Books,496.31
819f0936-f,Home & Kitchen,170.91
5cc16227-8,Books,497.95
93d9b420-b,Beauty,208.23
84262d16-1,Electronics,37.82
7f56151a-9,Beauty,365.18
1a6e3dfa-a,Clothing,323.74
b6968744-f,Books,61.68
be9d0033-a,Beauty,177.76
57a18d6a-0,Electronics,132.78
562a51c3-c,Electronics,328.44
36e91c9a-3,Electronics,207.86
c30ec252-d,Beauty,494.21
49f5da4e-a,Beauty,356.61
693073b2-c,Beauty,308.57
b79c15f2-b,Clothing,457.38
dce0fa17-a,Beauty,376.51
c883cfbc-e,Electronics,174.27
8f95a763-9,Sports,89.61
c70d41ca-b,Home & Kitchen,457.48
de176f57-6,Sports,468.83
717ed3a6-d,Electronics,52.31
07874128-1,Sports,22.6
2d8a8589-1,Beauty,117.78
0e7a2269-1,Books,107.72
d593dcbf-e,Sports,362.7
f303f0e3-1,Home & Kitchen,210.86
1dfa2788-6,Books,341.41
03a1c4ff-3,Beauty,205.75
bcf95241-9,Sports,292.11
aa363a36-7,Toys,323.34
80478563-7,Books,168.56
e286045f-0,Electronics,477.51
4fd01d30-d,Beauty,455.09
896761ed-f,Books,80.01
bb0bd498-7,Electronics,387.62
f1bc8bc3-c,Beauty,243.65
cb47f33f-8,Clothing,437.91
0d67cfca-0,Sports,406.83
864a88f7-5,Home & Kitchen,259.15
d1eb1bae-e,Toys,232.96
7d98618f-2,Toys,42.38
576c73b7-4,Clothing,328.41
a2e789d0-4,Home & Kitchen,246.18
ea6832c8-6,Beauty,455.96
21560ace-1,Sports,331.06
8a46b2a2-c,Toys,399.06
e3b04091-f,Toys,364.43
66150296-4,Toys,275.78
65f9519c-3,Books,386.62
741436e6-7,Sports,468.72
869241b6-0,Home & Kitchen,78.92
3b9bc0ec-8,Home & Kitchen,430.85
c5d5857f-a,Toys,331.73
c1fcc06b-8,Sports,183.74
87ff490c-e,Clothing,396.57
5d86cb7e-c,Toys,377.73
e9c2c89a-2,Books,211.97
dea0d8ef-d,Clothing,210.56
1e824663-0,Beauty,76.11
f6f2dc31-9,Books,152.92
7aafb2cb-3,Home & Kitchen,373.51
5f579136-a,Clothing,379.29
182d97bc-c,Sports,185.28
456a22e6-5,Clothing,116.77
3cba2745-2,Clothing,392.84
793513ba-9,Beauty,310.58
1a0925e6-3,Clothing,166.25
868d34fe-c,Clothing,158.02
2efe483e-1,Sports,396.49
42f0e639-2,Electronics,182.87
408cde63-b,Clothing,449.47
f88ccf3d-d,Home & Kitchen,336.95
965b9199-b,Sports,377.0
92e681b3-c,Clothing,310.93
db892307-f,Books,31.08
58e7f616-5,Sports,399.88
0b1da022-c,Beauty,60.84
3254a62d-e,Toys,242.35
7310a662-e,Beauty,42.85
bc200efb-e,Books,281.84
b4cfc871-d,Electronics,340.11
5966ef80-9,Books,447.4
5fc89cd5-4,Home & Kitchen,396.78
3d2f62bd-b,Home & Kitchen,226.61
476bde88-a,Electronics,87.03
916e62e8-4,Electronics,11.16
ae245da1-5,Sports,52.31
2117c581-f,Sports,106.47
71ec0c67-4,Home & Kitchen,67.95
c4f0d6b6-8,Sports,83.78
9faa3baf-9,Electronics,14.58
26dc7c92-a,Sports,176.41
ae6b2acd-b,Clothing,299.87
51ae97b7-4,Electronics,244.89
d08d3d0c-f,Clothing,366.52
cd3d6d2e-4,Electronics,195.26
dd0f4845-3,Beauty,320.98
9896c7f5-d,Toys,380.07
c4ff4b90-7,Electronics,438.61
8e4e44c7-4,Electronics,210.35
84be9d60-f,Clothing,184.6
8a364fb0-9,Toys,174.34
b1350489-6,Home & Kitchen,255.72
3b93ac9a-a,Beauty,25.16
b401dc71-f,Clothing,11.59
2838e610-5,Beauty,446.06
4d52f6d5-e,Electronics,413.4
44b6fadd-b,Sports,468.35
0d489bb6-4,Toys,379.45
e8dd4357-9,Sports,59.58
dfbc899b-5,Books,16.47
1967d8b1-1,Beauty,166.1
b6fdbf1b-e,Toys,108.79
a8f5b055-f,Beauty,92.56
9107f836-5,Toys,94.31
2cb12fa9-c,Home & Kitchen,32.71
8a9bc667-9,Books,324.65
d8db72ab-c,Beauty,413.11
fd6e84a7-8,Beauty,449.76
03f0b59e-9,Toys,340.1
22b092c6-3,Toys,437.3
5d23414d-8,Clothing,21.26
f2a33f8e-a,Home & Kitchen,123.34
cde041c3-2,Electronics,181.26
0708c5d4-9,Home & Kitchen,16.56
a1384978-7,Beauty,381.94
ef8797ac-e,Sports,193.51
631f0593-2,Books,247.08
d34a223b-d,Home & Kitchen,64.68
a302d39c-0,Home & Kitchen,202.49
d9bd76af-a,Books,323.03
d1e1c77b-2,Beauty,437.1
e58d1c94-c,Clothing,474.3
5156c3fe-8,Home & Kitchen,47.44
c4ade7bf-2,Beauty,126.15
7c202cc0-d,Home & Kitchen,496.03
944a7fdb-1,Beauty,339.83
4f3b47d6-3,Electronics,69.19
26f8ec46-a,Books,228.68
1ec3ccd5-c,Home & Kitchen,498.59
8389d3d3-e,Books,452.41
9b35f85f-6,Books,493.43
1dc049c6-4,Home & Kitchen,90.06
6e95f22a-3,Books,84.47
b28687a6-1,Clothing,473.74
e7497b51-f,Clothing,328.65
de8507e5-f,Clothing,416.42
491c3a0b-4,Beauty,359.09
b9d88d0b-9,Toys,388.74
40b12e81-a,Home & Kitchen,147.84
0cae8a46-9,Sports,255.19
f3b35580-6,Books,64.99
070064b0-9,Home & Kitchen,49.6
83c49cc6-0,Home & Kitchen,118.69
71620d1d-6,Books,406.69
3e051cec-b,Beauty,438.95
a2ba75ee-2,Sports,342.35
281cdac1-c,Home & Kitchen,292.38
ecadc556-c,Sports,183.4
291f5620-7,Electronics,80.88
e385f060-8,Clothing,76.16
f6927a38-3,Books,357.6
2fe3a9c8-9,Beauty,169.83
7172d13e-a,Clothing,337.11
9c368955-b,Clothing,50.79
034a06a9-0,Home & Kitchen,426.03
b874e454-b,Electronics,128.82
c6c96044-f,Toys,42.72
02ffd99a-8,Electronics,280.75
e3cd92bf-2,Clothing,486.2
d70c88d3-b,Electronics,54.39
b3b13670-2,Books,147.43
65eef64c-a,Electronics,452.02
dc38ea60-a,Toys,219.2
eb5d566f-d,Beauty,34.79
a5917af7-9,Electronics,326.32
4b2386b5-4,Sports,83.5
3836d72c-2,Toys,46.78
4e29f18f-e,Clothing,468.53
578ea21f-a,Electronics,11.6
bdd98eb8-b,Toys,133.72
0577be70-a,Books,275.25
4a7a7141-e,Beauty,45.01
b923e620-8,Home & Kitchen,171.02
b8e04d3f-a,Books,264.77
e11763da-d,Clothing,162.98
f7f82ed1-6,Electronics,290.44
4e87d04b-b,Toys,203.83
17552dd5-c,Electronics,53.34
3ebc5b49-9,Sports,49.46
2ada5e55-e,Beauty,95.18
d9968549-7,Home & Kitchen,112.53
ab2d6785-a,Sports,264.46
26c5d2ac-8,Toys,100.59
e01767b6-4,Books,183.51
9bea96c0-1,Books,473.92
1cbdb12d-1,Beauty,317.02
02e20c5f-d,Home & Kitchen,24.5
76f01383-b,Home & Kitchen,228.39
b8a69db7-f,Sports,258.26
9f830a6f-0,Home & Kitchen,116.68
dba7748e-e,Sports,221.56
5b190265-c,Toys,387.94
341ff061-4,Clothing,375.03
ce680de9-9,Toys,339.89
aacc0242-4,Electronics,260.45
cc07fdea-5,Clothing,419.52
c355955a-7,Sports,61.67
dcf51353-b,Clothing,408.9
e3574b61-1,Sports,42.01
e716e837-9,Home & Kitchen,149.93
ecbfbc26-8,Electronics,351.98
867a9827-9,Books,177.4
1213d45d-3,Clothing,407.94
771902a5-0,Electronics,228.99
b940457b-9,Home & Kitchen,133.82
75488462-6,Books,383.46
27ab5568-b,Toys,326.03
42e7f495-0,Home & Kitchen,258.67
9c18936b-6,Clothing,450.07
d14c5600-a,Toys,480.15
487e8ab5-6,Electronics,375.81
71cdea9f-6,Home & Kitchen,31.08
48cdb5fa-a,Clothing,221.02
6c2539a3-1,Electronics,288.22
c1f10b74-0,Clothing,349.42
d646b6b4-e,Home & Kitchen,420.6
70ef0ef5-1,Home & Kitchen,164.51
7c549c30-a,Home & Kitchen,286.5
a2a1bf06-6,Electronics,249.64
27b08b7e-0,Home & Kitchen,268.41
5e3a3479-c,Beauty,491.98
c84645bd-f,Electronics,112.67
20d69811-6,Electronics,439.73
5919dbdc-5,Toys,13.73
65c809c9-2,Toys,221.29
a586b34e-9,Home & Kitchen,226.85
77b29710-2,Electronics,146.09
186eb4e6-a,Home & Kitchen,361.42
22753e41-f,Home & Kitchen,52.0
d4d94ba1-7,Sports,196.87
b69f2c67-5,Sports,479.26
f08c4492-a,Toys,45.08
b4cdab2b-0,Toys,343.0
a0522f4e-1,Toys,114.7
0ab6838c-8,Books,455.69
bac20164-7,Home & Kitchen,177.05
77c8ac60-9,Home & Kitchen,41.08
64a0dfd5-3,Beauty,22.37
741c8904-0,Toys,328.06
6bb7c64c-e,Home & Kitchen,105.58
a7c4d22b-1,Toys,261.76
a59a21d3-b,Clothing,198.5
dcf6d509-4,Books,402.1
61746f09-7,Sports,178.61
59f12f5e-a,Home & Kitchen,286.85
2450986e-7,Clothing,479.79
1dc9eade-e,Clothing,213.66
0bc9709c-1,Beauty,51.2
ca8f2b35-8,Toys,276.2
cd7e048b-a,Home & Kitchen,15.48
a845a942-7,Books,278.71
e789010d-4,Sports,289.79
ebcf582e-0,Beauty,236.31
031a9f8f-f,Sports,95.58
e9cc48b5-8,Toys,420.68
d32f6c6b-b,Books,442.05
bacaf816-0,Electronics,402.29
49b5a19c-b,Sports,393.54
ed543135-8,Electronics,86.0
d9211332-8,Electronics,417.54
d13be26d-7,Sports,273.42
34a21b40-3,Beauty,147.84
1b195936-7,Beauty,365.95
5b93f5af-8,Beauty,430.43
05a6d531-8,Beauty,229.58
58fedada-b,Toys,83.42
97332847-9,Beauty,456.22
4ab25679-d,Electronics,219.64
d858e6de-f,Books,312.88
9aaa064e-9,Books,437.82
9f2ae6fd-8,Toys,171.3
610048f7-f,Toys,93.61
81e3d510-3,Electronics,24.68
6cab92db-2,Electronics,217.03
ba7748c5-6,Beauty,425.48
9ee0c0d9-7,Electronics,357.95
a1823938-6,Home & Kitchen,271.43
3adf85d8-5,Toys,24.51
01c1488d-2,Clothing,430.38
a7ef7bf6-f,Books,399.53
17ed3053-e,Sports,491.37
7031b4e9-f,Home & Kitchen,182.47
9b92d58e-1,Clothing,352.7
54ef296a-5,Electronics,252.82
c92d975b-0,Electronics,478.35
7cdb7bcc-6,Beauty,389.25
c6c4e17f-9,Sports,233.66
47dcb49b-5,Sports,155.04
274934eb-1,Beauty,340.4
2a8fff8b-4,Clothing,495.02
cfa52f4b-b,Electronics,398.65
a3ea187a-6,Books,404.26
c0cfe18f-a,Toys,47.54
55cd19bf-d,Toys,152.57
dcf55c7d-e,Clothing,399.49
a195e087-1,Sports,168.52
6556f3ed-5,Beauty,474.27
ab459f59-9,Toys,11.62
44d13aee-8,Sports,433.2
f9a08cdc-9,Sports,243.15
bdff5ceb-a,Clothing,338.68
9a0f9442-0,Clothing,256.93
f3090044-0,Toys,153.36
32f52e77-3,Toys,280.19
6a30e7e6-c,Clothing,335.27
af326e04-8,Sports,464.98
30402e41-6,Sports,454.39
b05c6dba-1,Electronics,145.86
d0a3f85b-f,Sports,195.95
94fc7678-1,Home & Kitchen,206.99
d85e0838-d,Toys,108.04
a3749bf9-4,Clothing,231.39
f609d1c0-8,Home & Kitchen,356.81
cf8a6a42-e,Beauty,316.3
8760cdc9-2,Beauty,77.96
7c30618d-5,Electronics,215.45
8cb10081-9,Books,499.36
07d3c705-b,Sports,50.14
c69340de-d,Books,425.24
0af60377-c,Electronics,410.76
2ef11c9e-6,Home & Kitchen,149.52
f95ba60a-d,Beauty,147.82
ffa4a462-b,Beauty,418.98
059c565d-1,Home & Kitchen,55.86
2f9790c2-a,Electronics,33.8
43eb2577-2,Electronics,29.79
d63a71e5-9,Beauty,344.67
71ed5cb0-b,Books,109.4
6f74258e-5,Home & Kitchen,444.09
721e95fc-7,Sports,383.4
7058ce9f-c,Clothing,328.07
3db1bbd1-b,Sports,450.51
e652729a-6,Electronics,350.51
7e42ee68-3,Beauty,402.82
a96d8b06-5,Electronics,12.81
241c5b49-7,Clothing,186.27
fe823e51-e,Toys,34.93
b75e39cc-4,Books,187.12
eb8bcfba-b,Books,301.12
fd204ae7-3,Clothing,149.98
3596eb92-f,Clothing,475.44
fc12336b-4,Books,20.86
cf38c5f3-3,Toys,499.0
d8179c70-9,Books,46.41
fb8bb5e4-d,Beauty,35.47
9a9926b5-e,Clothing,164.44
99e30a62-2,Home & Kitchen,164.41
4b2d81b8-b,Beauty,213.47
6f3fb246-f,Beauty,320.31
cdd4f661-4,Home & Kitchen,319.86
5fa64fe3-8,Sports,41.53
6fd4ce69-0,Home & Kitchen,205.9
2808821f-d,Home & Kitchen,67.85
024bf585-e,Toys,433.77
07cfc2fd-6,Clothing,496.95
5e246611-e,Clothing,308.25
efbe8e1f-1,Books,280.8
f721848c-d,Electronics,130.53
3da581fa-d,Books,299.12
88283ffc-e,Electronics,179.16
ab632513-b,Beauty,237.25
090c6a64-2,Toys,449.87
43944f95-7,Books,138.04
a9a972ea-a,Clothing,456.4
128bb94a-4,Books,487.06
5f29a00a-f,Electronics,409.01
327dab47-c,Home & Kitchen,97.09
0e96bba7-f,Home & Kitchen,252.08
d3cd79a0-d,Toys,248.11
87b3f6e5-6,Electronics,254.93
26fcfebc-9,Beauty,351.79
7dfb697f-1,Toys,160.3
1e8f5c9f-0,Clothing,319.97
2ef97479-4,Sports,95.15
b6bb1f4b-5,Toys,381.45
e5379a31-b,Home & Kitchen,203.24
e3c44ef7-d,Home & Kitchen,118.84
159dc764-b,Beauty,374.41
89a71662-4,Electronics,57.79
deb3c2ea-7,Electronics,235.61
e02c6641-8,Toys,162.91
b3a6731b-7,Home & Kitchen,467.03
0444b3e7-e,Books,468.31
18cbc03a-2,Electronics,90.62
85baf850-e,Toys,420.77
9336c2d1-1,Home & Kitchen,79.25
8f2b3ee0-e,Sports,76.89
88a957e9-b,Books,63.54
41232e6b-0,Sports,465.65
2f4f7e97-3,Home & Kitchen,487.28
10f600e2-a,Home & Kitchen,347.3
95a41e50-2,Electronics,151.14
7b62b19c-f,Clothing,273.0
8660e2d3-8,Home & Kitchen,407.72
1db41730-b,Toys,70.67
5a6c83a3-a,Clothing,483.9
aaab8a7f-a,Books,170.58
70f6b05e-c,Home & Kitchen,254.57
6fe5c6ea-6,Beauty,243.77
7db7d6ab-2,Clothing,465.09
8132cfed-c,Clothing,86.11
dec191a8-2,Electronics,458.09
52a11028-5,Toys,147.92
5a2b7b42-2,Toys,230.4
24c63a38-9,Books,354.94
f04a8aad-e,Electronics,31.43
9ff96c86-e,Clothing,481.77
da8e3eb2-c,Sports,230.27
5385184d-7,Electronics,49.18
a8aaaab9-c,Electronics,30.69
0b9b3d67-e,Sports,330.13
2f2961d7-2,Home & Kitchen,99.78
922396c9-5,Electronics,299.27
bff57146-b,Clothing,215.27
83cdbe5b-d,Toys,246.81
ccd15bd9-f,Sports,112.45
7aaef086-4,Sports,137.6
29802c45-f,Clothing,72.87
5f21f214-6,Books,282.01
5c4dbe08-e,Beauty,264.02
540fc545-b,Clothing,438.82
d6af616f-e,Sports,287.83
05fb83f5-5,Electronics,148.73
8ad678aa-5,Books,311.38
611e47e6-7,Electronics,458.77
49bd4399-b,Books,89.74
be08cab2-c,Beauty,286.91
71163b94-9,Sports,413.43
b671ec0c-a,Toys,49.61
ac551181-6,Books,474.78
96332841-4,Toys,176.59
192148e8-d,Clothing,185.03
5deea061-5,Toys,291.53
253f8125-b,Books,222.4
61ce87ca-8,Sports,490.62
48dde606-1,Books,182.37
0f93e3db-f,Electronics,149.07
5c344a6e-b,Electronics,222.07
250519ce-c,Beauty,271.04
f620d94d-8,Toys,222.78
5a3adec7-d,Sports,70.53
a4a2fdda-e,Books,456.08
8168dbcc-a,Beauty,437.68
5ddc0052-e,Clothing,67.34
1676300b-1,Toys,233.53
861acc2d-e,Clothing,92.83
d308f981-5,Home & Kitchen,404.71
23b0c06e-4,Home & Kitchen,477.05
b4a1e1c6-8,Books,244.37
e8e89970-a,Toys,102.86
25d4249f-8,Electronics,356.25
8249738d-4,Books,108.51
8ed95f0b-0,Toys,207.67
8b1f209a-9,Sports,74.87
ed83742c-8,Toys,480.9
fbc2def3-3,Clothing,65.53
db2c1f3e-1,Clothing,40.21
3c025691-9,Home & Kitchen,303.09
6a6da424-7,Home & Kitchen,263.81
61d4d31e-c,Beauty,384.34
456dd49c-a,Home & Kitchen,197.02
386ac42a-2,Clothing,404.92
fe3e592a-f,Home & Kitchen,171.06
d4f8bb14-c,Books,434.67
e504b46b-a,Toys,56.67
0163c4eb-b,Electronics,125.2
e671d436-a,Sports,354.46
f4a06faf-9,Home & Kitchen,268.57
b489b2b3-b,Toys,450.73
e9c79473-d,Sports,360.74
b1686020-0,Sports,368.83
2933f49f-c,Sports,195.94
6cff7e5b-7,Books,214.73
605dde07-5,Books,249.63
ac3960d0-3,Toys,45.18
4c3fce3c-7,Books,41.06
c6297969-c,Clothing,381.42
1a41a273-7,Beauty,493.08
3821c082-a,Clothing,117.31
a0806601-f,Sports,253.73
c71fd02b-3,Electronics,334.97
d8f7208e-9,Books,58.66
13a0fb92-0,Electronics,79.22
348eebab-6,Toys,476.9
e845627c-e,Home & Kitchen,268.4
eca4c411-a,Books,103.52
2171a7a9-3,Clothing,470.39
081c867e-d,Clothing,322.28
a2ca0417-c,Books,268.31
0c8235e6-1,Clothing,395.04
6d6f9b42-8,Sports,75.21
bc16cccb-e,Toys,336.21
b4fd3311-4,Clothing,472.19
3bf3112c-c,Toys,268.42
41409b71-d,Clothing,70.29
75fb7c82-7,Clothing,124.79
632f132c-2,Electronics,358.47
6782d91e-a,Books,11.83
5eb79b27-e,Electronics,361.89
6ad98a9f-a,Books,22.47
cc6afc23-3,Electronics,257.41
72a2a739-6,Electronics,447.66
06f04616-9,Sports,107.75
4767f4f9-a,Toys,430.37
d4b67c79-9,Toys,389.18
11bc8942-0,Toys,14.0
ae94fc57-6,Toys,83.76
c746b898-a,Toys,461.12
492eb03f-1,Beauty,477.27
4c69c893-e,Beauty,401.83
fbc99468-d,Books,107.73
d0fde69e-d,Beauty,353.55
b061f870-c,Sports,142.07
195cfd98-7,Home & Kitchen,224.1
6eaf6197-0,Toys,142.54
282631c1-5,Home & Kitchen,179.89
6802eae8-d,Home & Kitchen,342.71
3a69c3a0-d,Books,489.86
19db04e8-9,Home & Kitchen,189.68
fa06d96a-a,Home & Kitchen,95.16
a121de58-6,Home & Kitchen,177.35
6714d9f5-0,Beauty,223.91
6f933a3f-7,Clothing,386.24
2a3c4165-1,Sports,150.85
62618c9b-0,Clothing,447.22
51ea777d-f,Sports,251.13
4308730e-9,Sports,405.16
136fbb48-c,Beauty,471.46
17a0e86a-6,Beauty,10.58
2245ba41-8,Sports,491.92
656c4717-e,Sports,247.75
2fa4644f-f,Sports,158.62
803ed1ef-4,Home & Kitchen,336.93
7cf4dc07-6,Toys,311.3
68931536-a,Toys,280.73
5e363698-2,Beauty,436.53
b5e7c030-b,Toys,366.94
9c1c55f3-3,Books,13.49
0e574c91-5,Electronics,182.15
b81a2d01-e,Clothing,140.83
a937b54d-f,Books,159.05
66bc7e84-f,Home & Kitchen,136.1
5ed1a6ec-f,Home & Kitchen,192.28
b4223b18-c,Electronics,437.53
ba30a600-6,Home & Kitchen,128.95
00d20e0d-6,Home & Kitchen,355.35
3ef564dd-7,Clothing,491.63
fe6ad58f-0,Books,137.13
aa78760a-b,Electronics,457.41
1d053cf8-1,Beauty,425.6
26a27ad3-4,Home & Kitchen,204.49
49502edc-e,Clothing,471.03
7e6780ba-b,Clothing,420.58
1517ace3-f,Home & Kitchen,214.62
b92d62e3-c,Books,494.16
ba598345-4,Electronics,378.63
843b8f99-f,Clothing,172.74
46ddbf2a-0,Toys,17.08
0ded6d51-b,Sports,338.44
b34abdfb-8,Clothing,148.98
3281432b-a,Home & Kitchen,346.17
f6e1973d-d,Sports,135.91
46d205d7-b,Toys,341.06
5c0c794f-c,Clothing,416.7
51c2dc56-7,Books,97.95
8a77898b-8,Sports,118.21
ad9581a4-0,Books,255.92
1306885a-f,Books,198.11
b1920f07-6,Toys,80.06
9366eec8-b,Sports,108.02
8037dc93-a,Toys,158.49
1a0d08bb-d,Electronics,316.9
f7ebaec2-4,Clothing,142.15
0764f6d3-c,Beauty,433.65
a8d1277a-0,Home & Kitchen,51.82
102b9ab9-f,Home & Kitchen,287.77
0e9d8aba-c,Clothing,263.46
a2137180-3,Toys,464.8
cda05d56-5,Books,179.09
6ec7b270-1,Beauty,56.34
3d9280ac-8,Sports,293.68
10f11f18-5,Books,204.69
d2c02693-7,Beauty,85.67
73d0ed60-0,Toys,271.62
e4da43fb-b,Books,434.06
dfae4cb5-7,Toys,403.69
dab77002-a,Sports,250.78
918372e9-e,Clothing,472.01
4baa2a93-c,Toys,411.25
f0bf4f4a-e,Home & Kitchen,129.1
74b85d53-2,Sports,427.22
b9c5a1cd-8,Beauty,200.58
55ad51a4-7,Home & Kitchen,147.46
f209e50b-6,Sports,284.81
bb22db47-5,Clothing,32.57
0d17cc68-f,Books,322.14
4ec3a5c5-c,Books,187.36
c6aa7b68-4,Sports,479.31
d02581bb-6,Home & Kitchen,138.58
0063786d-0,Electronics,354.92
8cd97b59-d,Beauty,329.08
10f30747-e,Home & Kitchen,399.27
758e2e7f-1,Toys,366.82
749b802c-a,Electronics,395.07
cb658966-e,Books,427.4
df9f33f5-1,Books,433.97
178b783b-5,Home & Kitchen,31.97
2f18091d-4,Beauty,430.19
ed0cc782-d,Clothing,231.04
2ab6358d-4,Clothing,41.27
24913f2e-2,Home & Kitchen,313.34
793b5123-c,Sports,460.68
835fac32-5,Toys,456.87
d63815b9-c,Clothing,214.75
afb954bb-f,Sports,386.52
694fc02b-a,Home & Kitchen,190.17
cef56506-5,Home & Kitchen,327.17
ef4f7c42-e,Books,295.26
0b4dc863-c,Clothing,106.96
7ebc97fb-b,Toys,169.52
918b5f9a-3,Sports,344.57
c548cf2c-b,Home & Kitchen,89.46
df747575-7,Beauty,472.59
827e917d-5,Toys,89.3
8bb1e074-4,Sports,288.05
4678822d-d,Clothing,176.69
521bae69-4,Books,444.5
102c84db-6,Sports,144.11
ebe13d4f-7,Sports,433.94
ae024f47-f,Clothing,160.88
6bf29c21-b,Sports,434.47
44554ff5-b,Home & Kitchen,230.16
0bf21190-0,Home & Kitchen,276.95
0d81c583-f,Home & Kitchen,394.59
0b2ac28d-3,Electronics,371.41
151f3148-4,Sports,349.27
43f85fc8-5,Clothing,51.97
7d749d16-a,Toys,298.43
2bd88536-d,Home & Kitchen,361.04
6d385880-3,Beauty,31.89
d7dc3c83-7,Beauty,393.9
2acb95e2-9,Books,432.65
db768ef3-e,Home & Kitchen,262.74
c940cc52-a,Electronics,34.02
72ce314e-c,Electronics,101.83
8c735cf6-6,Toys,418.08
31068fbd-5,Clothing,285.27
5abf64dc-f,Sports,233.63
d65380b8-b,Clothing,257.48
ccdca36b-5,Books,445.72
2739d8a4-1,Beauty,257.18
a537747a-b,Electronics,278.99
5f56f43c-3,Beauty,252.94
080b71c4-4,Sports,50.37
1df2222c-7,Electronics,106.14
6ee9e3f0-3,Sports,399.39
9ec84b7e-f,Electronics,291.89
7199581b-3,Home & Kitchen,279.35
5ac642e8-2,Books,197.95
0deb5462-0,Home & Kitchen,463.22
359b2172-9,Sports,168.01
737eae8d-e,Home & Kitchen,38.25
006cd2ab-5,Sports,436.07
1b9cd71e-b,Beauty,44.39
742b2734-0,Electronics,237.6
525a3c3a-f,Electronics,214.63
35fbbd87-6,Beauty,471.68
4b6f292d-e,Books,386.36
780f63d6-5,Beauty,218.86
880c9bdf-3,Clothing,331.21
32d01cbe-c,Electronics,18.8
3a0c22e7-4,Electronics,215.01
142c03ad-2,Beauty,367.33
55edee38-f,Beauty,383.36
6e863b90-e,Sports,146.46
d1c954d1-9,Toys,249.34
27bea5fd-b,Electronics,192.73
ef3c93eb-7,Clothing,117.42
34f7ba7d-c,Toys,199.48
476cb286-2,Toys,463.31
593f72e9-e,Toys,185.53
07f7a673-8,Books,481.16
cc64be0e-f,Books,167.77
4a8b4b0b-b,Electronics,123.79
61e20ac1-7,Books,331.56
904999a9-7,Sports,129.45
baea080a-9,Electronics,347.27
6e3beafc-d,Toys,489.29
e5937e20-5,Books,235.18
5e1ac35c-a,Books,477.68
d11ab1dd-a,Home & Kitchen,159.95
7db532eb-7,Toys,112.55
8bd5e64f-d,Home & Kitchen,56.87
7ca7107b-7,Electronics,142.61
addbc2a0-1,Clothing,33.31
4ede3d2b-a,Beauty,177.17
055a9bc5-a,Home & Kitchen,382.64
17ede104-6,Clothing,104.37
a262c069-4,Home & Kitchen,329.03
905cb450-c,Electronics,272.05
e6ddc669-c,Toys,192.95
156f7e2b-9,Home & Kitchen,128.74
9e533c02-7,Electronics,361.85
ab6bdbee-3,Toys,197.88
72d77546-2,Clothing,122.79
437789ec-5,Home & Kitchen,290.14
583179d7-5,Electronics,227.45
6c21e943-3,Books,318.96
55b3a852-9,Beauty,160.41
76fa1c92-2,Clothing,428.15
1fc03817-d,Toys,351.68
70fce63e-6,Toys,245.25
7f734297-4,Beauty,327.94
9a49cb15-7,Beauty,53.15
f5040cdd-f,Electronics,483.76
e0cfa3c7-3,Toys,60.12
38d4979c-c,Beauty,298.24
97113d45-4,Home & Kitchen,51.92
52a56ac7-c,Sports,45.39
f24afeb8-c,Clothing,60.17
a21685d4-7,Books,265.56
ee6efec8-8,Books,215.49
27f233b7-a,Sports,168.21
b169d475-5,Beauty,230.21
9a743f52-0,Beauty,448.57
14607706-8,Sports,96.31
b9334bd5-4,Books,329.54
077818f5-8,Books,417.07
19ebba70-8,Books,264.45
d6bcd01d-c,Clothing,82.72
28a99b08-3,Clothing,265.25
8d0c9e1c-c,Home & Kitchen,464.26
5dd81ddb-f,Electronics,205.68
af7b0fdd-7,Beauty,41.41
572dd8d9-2,Beauty,142.61
4e553a64-6,Sports,189.35
34469e0b-6,Sports,24.41
2e962d53-a,Books,428.85
e1fcc349-b,Beauty,297.35
bb922b32-8,Books,53.13
056e009d-6,Beauty,496.31
333bfc25-0,Home & Kitchen,313.5
2e895596-b,Sports,166.78
463221f1-b,Books,80.69
0f7f7a5b-4,Home & Kitchen,205.66
f0250a8a-1,Sports,294.06
23c39afd-4,Clothing,481.0
53bca148-1,Toys,64.64
72d6c5f7-5,Beauty,437.28
03373a01-a,Electronics,338.85
747def18-0,Toys,486.64
ac440998-5,Beauty,59.31
6181fdf3-3,Electronics,59.56
d7099b67-2,Clothing,322.39
34053ecd-3,Beauty,459.93
c5b994a5-5,Electronics,265.71
478bc891-e,Books,26.45
26e42f88-5,Sports,357.62
e2da2cd0-0,Toys,282.33
67e41f7f-3,Books,396.56
20f883e0-e,Toys,456.74
55159488-d,Electronics,281.5
4ca008f8-5,Clothing,230.41
7ad050b2-d,Sports,479.45
1f5425bf-6,Beauty,81.48
7d2f6da6-1,Home & Kitchen,229.63
d9dd7305-e,Electronics,422.68
9e1cec60-9,Sports,50.88
ec441d57-7,Clothing,369.95
ecc1678f-a,Home & Kitchen,58.77
1fe8c373-3,Toys,397.97
02dbf50b-0,Books,282.65
453cf006-6,Clothing,48.25
6ff77386-0,Books,191.29
a2a42e9d-b,Clothing,309.01
01b89dba-d,Books,93.6
1354da2f-5,Beauty,347.27
f42e7272-8,Books,170.9
ceaa19e1-5,Sports,378.49
d18ab621-0,Sports,480.02
c0b25d1f-c,Home & Kitchen,207.33
ad81fe37-e,Books,144.46
e76f4d92-1,Sports,171.96
f812b493-1,Beauty,353.92
43c1b6b4-6,Home & Kitchen,154.46
8be0f5e6-0,Clothing,142.25
0288af94-1,Books,210.7
73d60386-6,Electronics,195.24
7bbb6c0f-c,Home & Kitchen,407.25
72bc456d-d,Sports,42.18
f715aa03-c,Home & Kitchen,318.69
2d25d93b-6,Books,115.36
f4d910ca-8,Books,119.38
9fecbeb4-1,Home & Kitchen,104.9
0adf42d6-e,Clothing,327.53
ff781f26-c,Books,370.14
406b9285-e,Home & Kitchen,395.74
244ed32c-a,Books,124.53
62004d3d-c,Home & Kitchen,443.2
e6e89737-8,Sports,109.76
610b6881-1,Electronics,32.18
f74a5439-c,Beauty,106.65
633b2814-6,Clothing,201.72
b8877827-a,Sports,45.3
0fab213c-b,Beauty,350.77
043c6198-3,Toys,241.86
74814259-a,Electronics,187.93
12c5bcdc-9,Beauty,193.42
23bbe375-4,Home & Kitchen,440.43
35daad88-b,Sports,411.73
ab4d89bc-5,Beauty,369.78
e4101576-c,Electronics,168.76
5e3d48d8-a,Home & Kitchen,391.64
e7b0cef4-d,Books,59.97
23a7ef19-c,Books,418.67
f8a2586c-3,Home & Kitchen,245.49
46fbdba0-0,Sports,387.5
8b31b952-b,Home & Kitchen,52.6
127e6307-0,Electronics,368.93
aa9b03db-e,Toys,141.33
5461de47-f,Home & Kitchen,359.08
077b1915-4,Sports,400.48
71acfa5b-1,Books,494.06
8255795a-a,Books,179.54
ca5ffc90-b,Beauty,39.49
6ddaa573-1,Home & Kitchen,214.98
50dd3bf5-d,Sports,155.36
6bdaf3da-3,Beauty,195.38
35f0a72f-a,Clothing,392.7
b360449a-b,Sports,403.71
d973b6bf-e,Books,256.66
a6386230-6,Beauty,323.13
7443ec94-2,Sports,122.36
e0af5ec8-9,Books,386.53
e71ea629-6,Toys,214.85
31d6ea4b-9,Home & Kitchen,242.71
4d8f3de2-c,Electronics,456.79
0c380286-a,Electronics,251.69
64a99f5d-4,Sports,428.42
f8c2cf0f-5,Beauty,126.93
7c754cd4-b,Clothing,294.78
96c4910e-e,Electronics,250.19
ffc76feb-5,Home & Kitchen,167.6
122ea7d5-4,Electronics,166.34
74847d91-f,Electronics,429.9
b6b50ccf-6,Clothing,229.85
cdf2289c-6,Clothing,333.75
0bb3b1f8-b,Books,265.32
65d4a06c-3,Beauty,238.8
6cf8083d-5,Sports,33.67
93af15e1-0,Beauty,336.04
81b33def-9,Books,463.83
0774cbb9-7,Toys,44.04
53da8163-6,Beauty,180.46
d3ec1491-2,Toys,219.22
6b482634-f,Beauty,17.62
cce3b781-9,Home & Kitchen,434.24
ecfee708-c,Beauty,362.88
2e625d0a-e,Beauty,150.84
0cc21bc5-2,Sports,16.81
53a5a769-f,Sports,415.93
69c701b5-e,Clothing,11.62
a9a54bb0-7,Clothing,379.55
8eee2c96-a,Sports,36.7
f36c3d78-2,Sports,187.71
22e240d4-1,Electronics,247.95
31f57700-9,Beauty,93.82
66e16cc8-6,Books,436.57
2e589993-c,Home & Kitchen,251.55
c7ba1a27-a,Clothing,358.51
f4d23f5f-d,Sports,277.08
e852197d-c,Clothing,166.11
c9730c6b-8,Clothing,375.69
021b5323-6,Toys,40.84
75361d13-c,Beauty,284.31
67c6110c-d,Home & Kitchen,382.26
de3193c1-5,Clothing,432.35
27759c80-c,Toys,375.08
8e4f5f67-b,Toys,96.29
78871f14-5,Beauty,18.83
f79b493a-a,Sports,209.81
abfbb29e-b,Beauty,462.62
66735ed7-1,Books,75.39
6afcbca0-5,Electronics,42.08
0fdd5b3a-3,Toys,301.63
12e1b808-8,Home & Kitchen,111.69
8556e66c-8,Clothing,67.93
8f607500-f,Sports,304.77
fca49d30-4,Books,414.17
2e17ee27-f,Toys,229.31
22ba3bc0-4,Home & Kitchen,203.87
5f14d968-6,Toys,341.35
325aa7df-2,Books,46.58
6bf09eaa-b,Home & Kitchen,495.47
ddc5cc56-d,Home & Kitchen,170.19
454a18be-b,Books,496.58
1ce53602-d,Electronics,265.4
cac7db78-2,Electronics,182.3
0a92dd28-a,Electronics,331.23
f01362a8-e,Sports,368.61
88c5852e-1,Beauty,77.58
ad70a3a7-d,Books,225.18
d8da0c70-7,Clothing,26.84
3a293082-5,Toys,145.56
2296bad7-5,Beauty,71.21
2a7b7a77-b,Clothing,282.16
fe7b7f45-d,Books,312.0
6bbc1f47-3,Electronics,210.34
cdeb8fed-1,Clothing,53.33
55d34999-4,Books,459.92
d8f37fb7-4,Books,121.91
669c2558-4,Beauty,454.48
9f1e246e-7,Electronics,365.46
ca5ade08-c,Books,285.77
7f65820e-3,Books,382.19
c8fd6364-9,Sports,470.63
63590819-0,Toys,14.21
6ede0fd1-8,Beauty,116.25
ed1ae875-7,Books,464.22
96967760-1,Clothing,110.66
8273b4d6-a,Clothing,405.44
9ce572cf-c,Books,387.72
c5c953dc-1,Sports,494.64
76fabe22-a,Clothing,15.47
2708706b-f,Clothing,246.59
f2da22e6-4,Electronics,27.64
9d71623e-6,Beauty,464.83
260967ac-3,Beauty,111.4
353f3937-0,Clothing,401.32
b69ff3d5-0,Beauty,58.57
605d4e9a-9,Clothing,51.66
cf241107-4,Toys,74.45
f4e68cb9-c,Beauty,452.7
1caa8cc2-d,Electronics,89.64
fa74c07d-0,Books,403.11
5fdc50b4-9,Toys,265.96
816750a6-2,Home & Kitchen,286.82
52dab7d3-2,Beauty,411.18
2248992e-1,Toys,151.15
eccf2ef5-f,Books,15.79
0fd849b9-6,Books,25.72
aa0dd417-1,Sports,308.0
949b68fc-4,Home & Kitchen,28.03
edd3115f-f,Toys,253.16
f25ed4ac-f,Clothing,178.63
c10b4517-2,Books,466.27
1432e84a-5,Beauty,66.61
320ed873-2,Beauty,96.54
ae12cb5e-b,Books,93.17
424145fa-f,Toys,177.14
fd6d8c56-2,Beauty,178.71
60fad8b3-2,Sports,49.67
2752a4e7-d,Sports,377.17
8d54a85c-b,Toys,467.12
9d7b3a40-1,Electronics,50.13
208c25b0-f,Electronics,84.5
e923ddb3-0,Home & Kitchen,335.21
6aab4de3-c,Beauty,496.92
c4b7e49b-3,Clothing,188.19
eecc66fb-1,Clothing,260.92
51f611f7-5,Electronics,75.9
b73fbc73-a,Clothing,146.25
7780976a-a,Books,44.04
a38718aa-1,Clothing,226.03
08d26d88-a,Clothing,210.43
21c515e3-9,Beauty,161.16
1b6d2e70-3,Clothing,159.01
42eaef55-d,Beauty,92.91
6e38e927-b,Toys,158.0
a51a4ade-9,Electronics,137.33
731d74ce-8,Toys,176.73
4fad634f-d,Sports,64.49
8679b68a-2,Books,25.9
44750fc4-5,Books,452.56
a595d509-9,Electronics,178.67
654b3879-5,Home & Kitchen,326.79
3bf1555f-e,Toys,317.61
e11430ab-8,Home & Kitchen,210.72
16f47d8b-3,Books,301.53
57a2108b-b,Home & Kitchen,338.28
72bf5c3c-e,Books,212.78
11183869-3,Home & Kitchen,147.17
d4ab229e-c,Clothing,320.44
21f8295d-0,Sports,395.32
2fe45a62-d,Toys,436.56
802e2598-a,Clothing,61.32
4f214f6b-a,Toys,359.22
c9254109-5,Toys,309.67
35118dda-c,Electronics,309.54
afb2d617-c,Sports,315.8
4cdd9fa5-1,Toys,425.9
3d9448a2-d,Clothing,399.41
2dd9f21a-9,Toys,177.58
e32822c0-4,Electronics,207.02
cbfe0b39-9,Clothing,324.36
f2abc93d-7,Books,168.18
5c34ab2f-1,Sports,396.76
9cb987d3-7,Books,74.67
c30789e2-2,Beauty,268.63
27086972-3,Books,105.99
93701244-6,Books,213.68
ef09e847-4,Beauty,148.44
672bdc23-b,Toys,140.68
4581d011-b,Toys,393.82
89023a7d-8,Toys,155.42
0d1afa5d-a,Home & Kitchen,267.16
e7797ea9-2,Toys,340.21
9541684d-3,Clothing,336.44
694dc185-6,Electronics,283.36
fddffc2e-9,Clothing,472.32
cecae3dc-8,Home & Kitchen,101.57
d2d8de8e-9,Electronics,395.72
20db9273-b,Electronics,221.5
dc3e57fa-e,Electronics,320.78
990c64e6-e,Electronics,315.5
909a3085-c,Beauty,27.26
f8947636-8,Toys,409.56
c803cb4d-f,Toys,194.33
af1f5832-c,Home & Kitchen,281.87
05611fde-f,Sports,63.89
683396d0-8,Books,409.61
fb547e8b-d,Clothing,222.24
75a51dbb-6,Electronics,167.97
511ebbe1-b,Electronics,101.38
cfcf8a79-4,Beauty,299.63
fd3b53af-c,Toys,373.78
2821ebc6-0,Sports,243.74
e4f7dbbd-b,Home & Kitchen,133.2
5e070719-4,Electronics,68.94
dc89fb50-2,Electronics,275.43
9ec5b085-7,Toys,197.83
3d35c39c-5,Electronics,215.89
19df81cc-7,Beauty,83.57
b515ad91-9,Books,393.77
03440158-4,Toys,262.88
7803ef47-f,Beauty,373.87
ab788e03-9,Beauty,96.15
9e01f018-3,Home & Kitchen,298.68
bbf5a8c4-c,Books,290.9
9de4ed40-3,Electronics,316.29
279b80d2-3,Toys,69.38
bc3d8d56-d,Beauty,241.05
cb1d13bc-a,Home & Kitchen,206.34
ab743503-5,Books,457.39
ad062ad5-4,Books,71.82
c201b757-7,Beauty,431.57
f2226ce1-5,Beauty,304.06
c0c0bc6d-5,Beauty,302.93
2c094686-a,Books,31.24
434e63d4-3,Sports,439.88
fa9eac42-d,Toys,397.79
beed46fa-3,Books,302.86
f4a35930-c,Electronics,286.82
b15b2799-0,Clothing,209.91
7184cb78-f,Beauty,406.97
89622171-7,Home & Kitchen,95.24
57bd01e9-5,Electronics,313.68
ed994c1b-8,Electronics,328.54
c7d050f3-d,Clothing,390.78
47489c4d-c,Sports,432.01
17d2f080-1,Electronics,101.33
b1fa8814-7,Sports,97.09
8a686224-d,Books,428.23
a68ea643-5,Beauty,249.79
6b443db9-7,Books,125.28
9e0e3d1d-9,Toys,27.12
585b0773-2,Sports,484.56
ae83104f-9,Home & Kitchen,68.45
2e3d2cff-e,Sports,108.02
5dc3861b-a,Home & Kitchen,287.25
5c512226-0,Beauty,198.26
cabdd327-d,Clothing,218.12
b371fcde-5,Toys,401.08
b45ef0eb-6,Books,247.48
8402c6f6-f,Clothing,78.14
a2f456bc-6,Books,169.79
cd15baa4-6,Clothing,438.09
c5855ed0-1,Electronics,265.65
aff28293-4,Home & Kitchen,39.87
48abeefb-a,Electronics,406.9
20ed3090-1,Home & Kitchen,218.68
57d63443-6,Home & Kitchen,216.55
9e94c33f-a,Sports,282.62
c6bc8604-1,Books,493.54
f98164ab-b,Clothing,48.56
38ffeb9d-2,Sports,185.29
d34354bc-4,Sports,310.41
f6e5b45b-1,Beauty,381.75
444025dc-a,Beauty,202.43
3ee2d742-e,Clothing,235.21
7d8a413d-2,Books,371.67
14316b67-4,Toys,393.1
32cefb76-9,Beauty,146.55
d3e39266-3,Electronics,193.43
1cda4de8-a,Sports,259.28
503f3f21-6,Clothing,217.51
ae7411d3-2,Books,412.49
d2715a4e-f,Clothing,392.74
954b6084-d,Sports,135.71
b894955f-9,Toys,487.62
90083387-2,Beauty,370.72
31706191-8,Beauty,98.73
f0f93bcd-c,Home & Kitchen,79.42
a41c5d52-d,Home & Kitchen,248.01
240cbb3f-2,Electronics,339.17
c957a166-d,Books,419.32
59771ab0-8,Books,323.53
8e123634-6,Toys,230.0
6a59db47-e,Books,218.44
68867ed9-3,Books,431.85
5420918c-0,Books,334.79
28714133-6,Beauty,486.79
08838c2c-9,Toys,212.87
c39a4f16-6,Home & Kitchen,389.76
b4f67f96-9,Electronics,447.66
a5d07442-d,Home & Kitchen,235.77
